old_url,old_path,kind,table,id,name,new_path,how
https://www.modiin4u.co.il/,/,page,,,,/,section page
https://www.modiin4u.co.il/personal-area/,/personal-area/,page,,,,/,section page
https://www.modiin4u.co.il/share-with-us/,/share-with-us/,page,,,,/community,section page
https://www.modiin4u.co.il/shabat-times-modiin/,/shabat-times-modiin/,page,,,,/shabbat,section page
https://www.modiin4u.co.il/maar/,/maar/,page,,,,/businesses,section page
https://www.modiin4u.co.il/modiin-news/,/modiin-news/,page,,,,/news,section page
https://www.modiin4u.co.il/search-rest-modiin/,/search-rest-modiin/,page,,,,/restaurants,section page
https://www.modiin4u.co.il/facebookgruop/,/facebookgruop/,page,,,,/community,section page
https://www.modiin4u.co.il/my-avenue/,/my-avenue/,page,,,,/realestate,section page
https://www.modiin4u.co.il/news/,/news/,news,,,,/news,section page
https://www.modiin4u.co.il/news/%d7%98%d7%95%d7%a8%d7%a0%d7%99%d7%a8-%d7%94%d7%a1%d7%98%d7%a8%d7%99%d7%98%d7%91%d7%95%d7%9c-%d7%94%d7%9e%d7%a1%d7%95%d7%a8%d7%aa%d7%99/,/news/טורניר-הסטריטבול-המסורתי/,news,articles,17a86f5b-f6fd-423b-823d-213c37ce679f,טורניר הסטריטבול המסורתי,/news/טורניר-הסטריטבול-המסורתי/,same address
https://www.modiin4u.co.il/news/%d7%a4%d7%a1%d7%98%d7%99%d7%91%d7%9c-%d7%a6%d7%9c%d7%99%d7%9c%d7%99-%d7%94%d7%a1%d7%aa%d7%99%d7%95-%d7%97%d7%95%d7%96%d7%a8/,/news/פסטיבל-צלילי-הסתיו-חוזר/,news,articles,0334036c-a2c0-4b57-93c5-b89dc01fb7d8,פסטיבל צלילי הסתיו חוזר,/news/פסטיבל-צלילי-הסתיו-חוזר/,same address
https://www.modiin4u.co.il/news/%d7%97%d7%a0%d7%95%d7%9b%d7%aa-%d7%a1%d7%a4%d7%a8%d7%99%d7%99%d7%aa-%d7%91%d7%99%d7%aa-%d7%a1%d7%a4%d7%a8-%d7%a0%d7%95%d7%a3-%d7%94%d7%a8%d7%99%d7%9d-%d7%a2%d7%a9-%d7%a1%d7%a8%d7%9f-%d7%90%d7%95/,/news/חנוכת-ספריית-בית-ספר-נוף-הרים-עש-סרן-או/,news,articles,c41a9fbe-2c76-4e3d-88e9-eeade96b3829,"חנוכת ספריית בית ספר נוף הרים ע""ש סרן אורי שני ז""ל",/news/חנוכת-ספריית-בית-ספר-נוף-הרים-עש-סרן-או/,same address
https://www.modiin4u.co.il/news/%d7%a4%d7%a8%d7%95%d7%99%d7%a7%d7%98-%d7%91%d7%95%d7%97%d7%a8%d7%99%d7%9d-%d7%91%d7%a9%d7%99%d7%a9%d7%99-%d7%91%d7%99%d7%aa-%d7%a1%d7%a4%d7%a8-%d7%a2%d7%9e%d7%99%d7%aa/,/news/פרויקט-בוחרים-בשישי-בית-ספר-עמית/,news,articles,b7e719f9-457c-4f77-a34c-e5aba1a7e7c3,פרויקט בוחרים בשישי בית ספר עמית,/news/פרויקט-בוחרים-בשישי-בית-ספר-עמית/,same address
https://www.modiin4u.co.il/news/%d7%9e%d7%a8%d7%97%d7%91-%d7%97%d7%93%d7%a9-%d7%91%d7%91%d7%99%d7%aa-%d7%a1%d7%a4%d7%a8-%d7%90%d7%9c%d7%95%d7%a0%d7%99%d7%9d/,/news/מרחב-חדש-בבית-ספר-אלונים/,news,articles,0b61ee4e-5eec-49c7-831c-31e415025c8e,מרחב חדש בבית ספר אלונים‎,/news/מרחב-חדש-בבית-ספר-אלונים/,same address
https://www.modiin4u.co.il/news/%d7%94%d7%a1%d7%aa%d7%99%d7%99%d7%9d-%d7%a7%d7%95%d7%a8%d7%a1-%d7%9c%d7%94%d7%9b%d7%a9%d7%a8%d7%aa-%d7%a4%d7%a2%d7%99%d7%9c%d7%99-%d7%a0%d7%97%d7%9c-%d7%a2%d7%a0%d7%91%d7%94/,/news/הסתיים-קורס-להכשרת-פעילי-נחל-ענבה/,news,articles,ecbfde5f-bd24-4b87-bcd4-1f22f827c61a,הסתיים קורס להכשרת פעילי נחל ענבה‎,/news/הסתיים-קורס-להכשרת-פעילי-נחל-ענבה/,same address
https://www.modiin4u.co.il/news/%d7%9e%d7%95%d7%a7%d7%99%d7%a8%d7%99%d7%9d-%d7%90%d7%aa-%d7%9e%d7%90%d7%91%d7%98%d7%97%d7%99-%d7%9e%d7%95%d7%a1%d7%93%d7%95%d7%aa-%d7%94%d7%97%d7%99%d7%a0%d7%95%d7%9a/,/news/מוקירים-את-מאבטחי-מוסדות-החינוך/,news,articles,214229c4-7b73-4bde-9ff5-d8858ab6fd5c,מוקירים את מאבטחי מוסדות החינוך‎,/news/מוקירים-את-מאבטחי-מוסדות-החינוך/,same address
https://www.modiin4u.co.il/news/%d7%9b%d7%99%d7%aa%d7%aa-%d7%94%d7%95%d7%95%d7%aa%d7%99%d7%a7%d7%99%d7%9d-%d7%97%d7%96%d7%a8%d7%94-%d7%9c%d7%a1%d7%a4%d7%a1%d7%9c-%d7%94%d7%9c%d7%99%d7%9e%d7%95%d7%93%d7%99%d7%9d/,/news/כיתת-הוותיקים-חזרה-לספסל-הלימודים/,news,articles,48582ee0-47b3-4bd8-b0c2-e1e35ac042ae,כיתת הוותיקים חזרה לספסל הלימודים‎,/news/כיתת-הוותיקים-חזרה-לספסל-הלימודים/,same address
https://www.modiin4u.co.il/news/%d7%94%d7%a1%d7%aa%d7%99%d7%99%d7%9e%d7%95-%d7%a2%d7%91%d7%95%d7%93%d7%95%d7%aa-%d7%91%d7%a8%d7%9e%d7%96%d7%95%d7%a8%d7%99%d7%9d-%d7%95%d7%91%d7%92%d7%9c%d7%90%d7%99%d7%9d-%d7%9c%d7%95%d7%95%d7%99/,/news/הסתיימו-עבודות-ברמזורים-ובגלאים-לווי/,news,articles,bc4e846f-9846-46a5-8350-515bb3a47067,הסתיימו עבודות ברמזורים ובגלאים לוויסות התנועה ‎,/news/הסתיימו-עבודות-ברמזורים-ובגלאים-לווי/,same address
https://www.modiin4u.co.il/news/flower-store/,/news/flower-store/,news,articles,c392b9c9-9fc9-4e65-877a-cf535769a2b0,חנות פרחים חדשה בפורום הציפורים מודיעין,/news/flower-store/,same address
https://www.modiin4u.co.il/news/muni-update/,/news/muni-update/,news,articles,a3fc11b1-1e75-4188-936b-d39a209270d0,שדרוג כבישים ברחובות צאלון וכליל החורש,/news/muni-update/,same address
https://www.modiin4u.co.il/news/muni-update-2/,/news/muni-update-2/,news,articles,e14b140e-6dff-4cf0-a9a6-aea4747ed812,ציון יום המאבק באלימות נגד נשים‎,/news/muni-update-2/,same address
https://www.modiin4u.co.il/news/modiin-muni-update/,/news/modiin-muni-update/,news,articles,0ab2818e-2c97-406f-844a-a9c850eddc22,ציון יום הזיכרון לרצח יצחק רבין בבתי הספר‎,/news/modiin-muni-update/,same address
https://www.modiin4u.co.il/news/modiin-muni-update-2/,/news/modiin-muni-update-2/,news,articles,a4f67975-221f-40a8-8d72-c3036b89a63c,ציון גבוה לתפקוד השיטור העירוני‎,/news/modiin-muni-update-2/,same address
https://www.modiin4u.co.il/news/modiin-muni-update-3/,/news/modiin-muni-update-3/,news,articles,a053a033-e627-4d36-81ad-d327eab42dc6,"טקס הנצחה לעמית טל און ז""ל‎",/news/modiin-muni-update-3/,same address
https://www.modiin4u.co.il/news/modiin-muni-update-4/,/news/modiin-muni-update-4/,news,articles,cb34fb7e-ae2a-4799-8fb8-34f9cad6f106,הסתיימו העבודות בשדרוג כבישים צאלון וכליל החורש‎,/news/modiin-muni-update-4/,same address
https://www.modiin4u.co.il/news/modiin-muni-update-5/,/news/modiin-muni-update-5/,news,articles,522be07c-4d20-4db6-addf-c7eed93fd01e,מצטיינים בביקורת מקלטים ציבוריים‎,/news/modiin-muni-update-5/,same address
https://www.modiin4u.co.il/news/modiin-muni-update-6/,/news/modiin-muni-update-6/,news,articles,9e40e47b-3377-4173-8e7b-7c2758c7b984,חנוכת גינת גילי לזכרה של גילי אדר בוגרת הדמוקרטי‎,/news/modiin-muni-update-6/,same address
https://www.modiin4u.co.il/news/modiin-muni-update-7/,/news/modiin-muni-update-7/,news,articles,8905b346-787a-46b4-8fa0-07170cf15eb9,אלפי תושבים בפסטיבל צלילי סתיו‎,/news/modiin-muni-update-7/,same address
https://www.modiin4u.co.il/news/urbanika-modiin/,/news/urbanika-modiin/,news,articles,69b696b8-646e-43e3-bb8e-2e22df9b6214,חגיגה של אופנה: אורבניקה משיקה סניף חדש ומרשים בקניון עזריאלי,/news/urbanika-modiin/,same address
https://www.modiin4u.co.il/news/muni-update-3/,/news/muni-update-3/,news,articles,8ab19d46-fe75-42ed-a069-12a70cdf119d,שלוחה של מכללת אורנים תפעל בעיר,/news/muni-update-3/,same address
https://www.modiin4u.co.il/news/muni-update-4/,/news/muni-update-4/,news,articles,0a62a6a3-f7fc-4def-bdb1-6d1a98742c92,יריד עסקים לעולים חדשים‎,/news/muni-update-4/,same address
https://www.modiin4u.co.il/news/oman-haparketim-modiin/,/news/oman-haparketim-modiin/,news,articles,ec7dd20e-afc8-4644-acd5-783a9879ce21,25 שנה על הרצפה: סיפור ההצלחה של אומן הפרקטים והקרמיקה במודיעין,/news/oman-haparketim-modiin/,same address
https://www.modiin4u.co.il/news/modiin-news/,/news/modiin-news/,news,articles,aaa1bf52-b9f5-41f5-ad82-90022939bc31,סגירת אתר בנייה שהעסיק והלין שב”חים במודיעין,/news/modiin-news/,same address
https://www.modiin4u.co.il/news/modiin-muni-update-8/,/news/modiin-muni-update-8/,news,articles,9c73166e-c6ed-4f35-86a0-107809946a14,טקס הנצחה מרגש לזכרו של סמר צור אברהם‎,/news/modiin-muni-update-8/,same address
https://www.modiin4u.co.il/news/modiin-muni-update-9/,/news/modiin-muni-update-9/,news,articles,b7a00c88-02ec-4af0-b843-49b7cfb849aa,ביקור מרתק של מפקד הכוח שחיסל את סינוואר בעירוני ד‎,/news/modiin-muni-update-9/,same address
https://www.modiin4u.co.il/news/modiin-muni-update-10/,/news/modiin-muni-update-10/,news,articles,1ff24084-275b-4ec6-8d17-2e63fc43392c,אמית בנים אירח את תלמידי צפת בצל המלחמה‎,/news/modiin-muni-update-10/,same address
https://www.modiin4u.co.il/news/modiin-news-2/,/news/modiin-news-2/,news,articles,381f6bab-0579-4d5c-9a9e-7770bb876d3e,מפקד מחוז מרכז -ניצב יאיר חצרוני חתם היום על צו סגירה למשך 15 ימים למסעדה במודיעין,/news/modiin-news-2/,same address
https://www.modiin4u.co.il/news/sport-modiin/,/news/sport-modiin/,news,articles,5ebd84c0-2888-4bf3-8619-a65ca69383fc,"עירוני מודיעין עושה היסטוריה! ניצחון דרמטי על הפועל ראשל""צ והעפלה לסיבוב ח׳ בגביע המדינה",/news/sport-modiin/,same address
https://www.modiin4u.co.il/news/modiin-muni-update-11/,/news/modiin-muni-update-11/,news,articles,e5d8ef02-e2c1-4c0b-8ad1-4a26b03a433c,חודש המודעות להתמודדות עם סמים ואלכוהול בקרב בני נוער‎,/news/modiin-muni-update-11/,same address
https://www.modiin4u.co.il/news/modiin-muni-update-12/,/news/modiin-muni-update-12/,news,articles,26fb2d31-6b02-4c9b-ae4d-11974601047d,מרכז הצעירים ממשיך בפעילויות לצעירים ומשפחות המילואים‎,/news/modiin-muni-update-12/,same address
https://www.modiin4u.co.il/news/modiin-center-biz/,/news/modiin-center-biz/,news,articles,fef08e4b-d8a6-4f0a-8508-3c7575922ade,המקומות הכי מדוברים: השדרה המרכזית במודיעין (המע״ר),/news/modiin-center-biz/,same address
https://www.modiin4u.co.il/news/day5-bars-modiin/,/news/day5-bars-modiin/,news,articles,ceadc30f-eb64-49f5-b66d-4369bc7e81a8,חמישי בערב במודיעין: 4 ברים שיעיפו לכם את החמישי,/news/day5-bars-modiin/,same address
https://www.modiin4u.co.il/news/modiin-muni-update-13/,/news/modiin-muni-update-13/,news,articles,93fd34c1-bbd1-40ee-ad2c-8e87aa175557,פעילות רב דורית חדשה-שש בש טק‎,/news/modiin-muni-update-13/,same address
https://www.modiin4u.co.il/news/modiin-muni-update-14/,/news/modiin-muni-update-14/,news,articles,840785bc-1fbc-4eb8-a2af-c77090bd2d56,"כנס מורשת ה-20 בחנוכה – סיורים, כנס צלמים והרצאות‎",/news/modiin-muni-update-14/,same address
https://www.modiin4u.co.il/news/modiin-muni-update-15/,/news/modiin-muni-update-15/,news,articles,65d632cd-03c9-46c5-aba7-011a326fac0e,טקס הנצחה לקריאת משעול על שמו של אריאל צים‎,/news/modiin-muni-update-15/,same address
https://www.modiin4u.co.il/news/modiin-muni-update-16/,/news/modiin-muni-update-16/,news,articles,d09da06e-1e40-47a4-8bd5-d5678727db1d,העולים החדשים סיירו בנאות קדומים‎,/news/modiin-muni-update-16/,same address
https://www.modiin4u.co.il/news/modiin-muni-update-17/,/news/modiin-muni-update-17/,news,articles,9dc1b593-855b-45f1-ad3a-43ff27639bb7,הסתיימה תכנית ההכשרה למספרי הסיפור המקומי‎,/news/modiin-muni-update-17/,same address
https://www.modiin4u.co.il/news/modiin-muni-update-18/,/news/modiin-muni-update-18/,news,articles,728b2ca4-f0ca-41cf-b024-9a2b50fc8c46,"אירועים לזכרה של עדן נמרי ז""ל‎",/news/modiin-muni-update-18/,same address
https://www.modiin4u.co.il/news/modiin-muni-update-19/,/news/modiin-muni-update-19/,news,articles,8194b1f5-0a6d-4d3a-b1c4-103a7bea0015,טקס אלבומי הנצחה לנופלים במלחמה‎,/news/modiin-muni-update-19/,same address
https://www.modiin4u.co.il/news/modiin-muni-update-20/,/news/modiin-muni-update-20/,news,articles,f03f073b-730b-4e15-a18e-40fffa1d6896,פודטראק שביעי נפתח בעיר‎,/news/modiin-muni-update-20/,same address
https://www.modiin4u.co.il/news/sagi-news-modiin/,/news/sagi-news-modiin/,news,articles,e73b9631-b1a3-4d7d-abba-4e06cd7793d9,"בין תותחים למשקולות: סיפורו של שגיא וינברג, לוחם מאמן כושר מודיעיני",/news/sagi-news-modiin/,same address
https://www.modiin4u.co.il/news/modiin-news-center/,/news/modiin-news-center/,news,articles,3787ad1f-43e3-4dc3-a585-8bad1af1da30,נתפסו 3 שוהים בלתי חוקיים במסעדה במע”ר מודיעין,/news/modiin-news-center/,same address
https://www.modiin4u.co.il/news/modiin-muni-update-21/,/news/modiin-muni-update-21/,news,articles,dccc896e-6fde-4109-9355-7103b00a3a4e,פרויקט שלמים גם עם החסר לזכויות אנשים עם מוגבלויות‎,/news/modiin-muni-update-21/,same address
https://www.modiin4u.co.il/news/modiin-muni-update-22/,/news/modiin-muni-update-22/,news,articles,0e8e1968-eb7b-4a88-a55b-991ca61deaaf,סיור מיוחד במוזיאון מורשת החשמונאים‎,/news/modiin-muni-update-22/,same address
https://www.modiin4u.co.il/news/modiin-muni-update-23/,/news/modiin-muni-update-23/,news,articles,d2b5e122-4d63-492f-9730-8b9e21a70644,נחנך מיזם סביבתי בבית העולה ‎,/news/modiin-muni-update-23/,same address
https://www.modiin4u.co.il/news/modiin-muni-update-24/,/news/modiin-muni-update-24/,news,articles,c1399069-03fb-41c6-bc18-5d337138596a,בתי הספר בתכנית לשימור נחל ענבה‎,/news/modiin-muni-update-24/,same address
https://www.modiin4u.co.il/news/modiin-muni-update-25/,/news/modiin-muni-update-25/,news,articles,8e5e076c-f5af-427e-9bfe-124fd7baed41,הסתיימו העבודות לשדרוג הכביש ברחוב חרצית ‎,/news/modiin-muni-update-25/,same address
https://www.modiin4u.co.il/news/modiin-news-3/,/news/modiin-news-3/,news,articles,eb0ca77a-0e27-437f-90b9-2f58cc0ffa7b,תמונות של תקווה: מחווה מרגשת בשמיים לזכר החטופים,/news/modiin-news-3/,same address
https://www.modiin4u.co.il/news/modiin-muni-update-26/,/news/modiin-muni-update-26/,news,articles,ee217f41-62cf-41a7-8418-e06dabc63370,שדרוג מרכיבי הביטחון בגדר מכבים מול קו התפר,/news/modiin-muni-update-26/,same address
https://www.modiin4u.co.il/news/modiin-news-4/,/news/modiin-news-4/,news,articles,4a8ec282-131e-48df-846b-7955dc04a2fd,"מודיעין מכריזה על שיתוף פעולה עם ""קהילת ברזל"": סיוע בהשמה לחיילי מילואים ופצועי צה""ל",/news/modiin-news-4/,same address
https://www.modiin4u.co.il/news/modiin-muni-update-27/,/news/modiin-muni-update-27/,news,articles,90565f74-a741-481b-829f-7764e54f4b5f,שבוע הקוד בבית הספר אבני החושן,/news/modiin-muni-update-27/,same address
https://www.modiin4u.co.il/news/modiin-muni-update-28/,/news/modiin-muni-update-28/,news,articles,2d508886-9944-47a0-8b22-3f1d0913aad1,עשרות גני ילדים ובתי ספר בפרויקט זורעים למען העתיד‎,/news/modiin-muni-update-28/,same address
https://www.modiin4u.co.il/news/modiin-muni-update-29/,/news/modiin-muni-update-29/,news,articles,d75c4ac5-3dc0-43f4-9d36-7cbe7651f8f9,יום ההוקרה לפצועי צהל ונפגעי פעולות האיבה‎,/news/modiin-muni-update-29/,same address
https://www.modiin4u.co.il/news/modiin-muni-update-30/,/news/modiin-muni-update-30/,news,articles,7943cb31-0396-4c11-86b5-82079d44a562,טקס מתנדבים וארגונים מצטיינים 2024,/news/modiin-muni-update-30/,same address
https://www.modiin4u.co.il/news/modiin-muni-update-31/,/news/modiin-muni-update-31/,news,articles,b8a67912-9732-4de9-89e4-535a5f1a4f1c,הפחתת עומסי תנועה בכניסה למרכז עינב,/news/modiin-muni-update-31/,same address
https://www.modiin4u.co.il/news/modiin-muni-update-32/,/news/modiin-muni-update-32/,news,articles,9b9e8669-204d-4ce3-a52a-bc6026968cb2,ביקור משלחת מאזרבייגן באורט עירוני ד,/news/modiin-muni-update-32/,same address
https://www.modiin4u.co.il/news/modiin-muni-update-33/,/news/modiin-muni-update-33/,news,articles,08fa8840-f811-4cad-bac7-eeaf63960a28,תושבים רבים בילו במתחם הפודטקראס ‎,/news/modiin-muni-update-33/,same address
https://www.modiin4u.co.il/news/modiin-muni-update-34/,/news/modiin-muni-update-34/,news,articles,d9882c7c-795d-46bd-baf4-f8e5359afe0e,רשת הספריות מסכמת את שנת 2024 ‎,/news/modiin-muni-update-34/,same address
https://www.modiin4u.co.il/news/modiin-muni-update-35/,/news/modiin-muni-update-35/,news,articles,b4868451-9fd3-4637-acb7-fd90a9eb3c95,מענק לעירייה לתכנית התייעלות אנרגטית,/news/modiin-muni-update-35/,same address
https://www.modiin4u.co.il/news/modiin-muni-update-36/,/news/modiin-muni-update-36/,news,articles,e6acbf71-269f-4171-be42-e01466efe950,מירוץ הלפיד,/news/modiin-muni-update-36/,same address
https://www.modiin4u.co.il/news/modiin-muni-update-37/,/news/modiin-muni-update-37/,news,articles,9035b1bd-c017-4f39-8a5c-f51651943ef2,כנס עמיתים ומשפיעים לבני הנוער‎,/news/modiin-muni-update-37/,same address
https://www.modiin4u.co.il/news/modiin-muni-update-38/,/news/modiin-muni-update-38/,news,articles,cd399aae-02f0-4926-a5d9-70d8eb8b1381,כנס זכויות לניצולי שואה בעיר‎,/news/modiin-muni-update-38/,same address
https://www.modiin4u.co.il/news/modiin-muni-update-39/,/news/modiin-muni-update-39/,news,articles,1835cbe1-0d8c-4315-b021-e1b34e54e860,בתי ספר הכינו מארזי חג לחיילים,/news/modiin-muni-update-39/,same address
https://www.modiin4u.co.il/news/modiin-muni-update-40/,/news/modiin-muni-update-40/,news,articles,909488c7-826f-41ac-a152-d441258a91f2,שדרוג פארק מנחם בגין‎,/news/modiin-muni-update-40/,same address
https://www.modiin4u.co.il/news/modiin-muni-update-41/,/news/modiin-muni-update-41/,news,articles,2e42da95-8407-4343-b1b7-8212c76a6e9b,"הודעה מטעם ארגמן – אירוע השקת החוברת ""תשמעו סיפור 9""",/news/modiin-muni-update-41/,same address
https://www.modiin4u.co.il/news/azrieli-modiin-2024/,/news/azrieli-modiin-2024/,news,articles,e7dfff4a-9f3f-444b-86fc-6061bdce8e21,מודיעין חוגגת: סיכום שנת שיא בקניון עזריאלי מודיעין!,/news/azrieli-modiin-2024/,same address
https://www.modiin4u.co.il/news/modiin-police/,/news/modiin-police/,news,articles,ed51612e-d36f-4fd7-89a6-00a770dd491d,שוטרי מחוז מרכז חשפו פרשיית סחר בסמים לקטינים,/news/modiin-police/,same address
https://www.modiin4u.co.il/news/amit-modiin/,/news/amit-modiin/,news,articles,684de91b-c42a-4663-a459-df50dd91905f,ממודיעין ללוד באהבה,/news/amit-modiin/,same address
https://www.modiin4u.co.il/news/modiin-news-5/,/news/modiin-news-5/,news,articles,e1869ebf-b1b8-476f-8bfa-19091303ac06,מודיעין משקיעה בעסקים המקומיים: השקת מרכז חדש,/news/modiin-news-5/,same address
https://www.modiin4u.co.il/news/modiin-police-2/,/news/modiin-police-2/,news,articles,3cab0b5d-0fab-480b-b7fa-93ea512cf405,מעצר גנב אופנוע במודיעין: שיתוף פעולה בין כלל השוטרים והמתנדבים בתחנה הוביל ללכידת החשוד,/news/modiin-police-2/,same address
https://www.modiin4u.co.il/news/modiin-muni-update-42/,/news/modiin-muni-update-42/,news,articles,1c487e58-d35e-4893-ac13-86c94af1fe4c,סיכום שנה בתנועות נוער‎,/news/modiin-muni-update-42/,same address
https://www.modiin4u.co.il/news/modiin-muni-update-43/,/news/modiin-muni-update-43/,news,articles,2fc203c5-16d1-4b7a-b749-39559081626e,החניון העירוני החדש בשכונת מורשת ייפתח בשבוע הבא‎,/news/modiin-muni-update-43/,same address
https://www.modiin4u.co.il/news/modiin-news-6/,/news/modiin-news-6/,news,articles,833124de-dcf8-49cc-bc03-7444b047f3bc,פינולי מודיעין: פינוקי גלידה וחוויה קולינרית ייחודית,/news/modiin-news-6/,same address
https://www.modiin4u.co.il/news/modiin-news-7/,/news/modiin-news-7/,news,articles,15fbb110-f82a-486f-ae9f-a1ec3aa6f2c7,סושי בוקס מודיעין פותח את שעריו: חוויה קולינרית יפנית אותנטית,/news/modiin-news-7/,same address
https://www.modiin4u.co.il/news/modiin-news-8/,/news/modiin-news-8/,news,articles,aa7f9dce-ddcb-4cf8-aa0b-c20d608d350b,חיפשת מעסה רפואית במודיעין? הגעת למקום הנכון,/news/modiin-news-8/,same address
https://www.modiin4u.co.il/news/modiin-news-9/,/news/modiin-news-9/,news,articles,5813ca10-31b3-4494-abf7-c50cc1ff3431,שניצל ביס מודיעין: חגיגה של טעמים לכל חיך,/news/modiin-news-9/,same address
https://www.modiin4u.co.il/news/modiin-news-10/,/news/modiin-news-10/,news,articles,34a479a3-fb8e-4729-9f63-5d6d508ff560,"פיצה שמש מודיעין: סיפור הצלחה שמתחיל במגש פיצה ב-25 ש""ח",/news/modiin-news-10/,same address
https://www.modiin4u.co.il/news/modiin-news-11/,/news/modiin-news-11/,news,articles,3b968d56-a0a6-4239-9e3e-2571a9815ec6,חדרי קריוקי במודיעין: הבמה שלך מחכה,/news/modiin-news-11/,same address
https://www.modiin4u.co.il/news/modiin-news-12/,/news/modiin-news-12/,news,articles,48258dcd-7089-47b6-aacf-1844e3cc94fc,שכונת מורשת: פנינה חדשה במודיעין,/news/modiin-news-12/,same address
https://www.modiin4u.co.il/news/modiin-news-13/,/news/modiin-news-13/,news,articles,d2d0ba5c-be5e-46b9-930f-b957aeb9617a,רובן מודיעין: חוויה אמריקאית אותנטית בלב מודיעין,/news/modiin-news-13/,same address
https://www.modiin4u.co.il/news/modiin-news-14/,/news/modiin-news-14/,news,articles,81e5672b-494d-44bf-9c02-5ed0b3f3f342,חומוסיית עטייה: טעם של מסורת משפחתית במודיעין,/news/modiin-news-14/,same address
https://www.modiin4u.co.il/news/modiin-news-15/,/news/modiin-news-15/,news,articles,8ac08afe-3857-4996-b0d1-15d39a163e83,ג'פטו בר מודיעין: הבר החם שלכם במודיעין,/news/modiin-news-15/,same address
https://www.modiin4u.co.il/news/modiin-news-16/,/news/modiin-news-16/,news,articles,6f481f3f-3191-4efd-b625-ab0da3ce39aa,וויין סטאש: מסע קולינרי אל עולם היין במודיעין,/news/modiin-news-16/,same address
https://www.modiin4u.co.il/news/modiin-news-18/,/news/modiin-news-18/,news,articles,98f86eff-be3b-4a93-b0f9-8bab618e6bee,מסעדות במודיעין: המדריך המלא,/news/modiin-news-18/,same address
https://www.modiin4u.co.il/news/modiin-news-19/,/news/modiin-news-19/,news,articles,532da5de-fd01-4f3c-8d05-1ea0fe9f6d44,אולמות אירועים במודיעין: חגיגה בלתי נשכחת בלב השפלה,/news/modiin-news-19/,same address
https://www.modiin4u.co.il/news/modiin-news-20/,/news/modiin-news-20/,news,articles,b8803e84-3c29-4e76-8589-d30e246a691c,סושי במודיעין: חגיגה אסיאתית על הצלחת,/news/modiin-news-20/,same address
https://www.modiin4u.co.il/news/modiin-news-22/,/news/modiin-news-22/,news,articles,a0ec97dd-0ccc-41dd-a096-b223a20178fe,אייל לוי: האמן מאחורי תוספות השיער במודיעין,/news/modiin-news-22/,same address
https://www.modiin4u.co.il/news/modiin-news-23/,/news/modiin-news-23/,news,articles,683c4428-21bc-40c0-afed-e7a9cfd2e3ff,"מודיעין: פנינת השפלה, עיר של קהילה וחדשנות",/news/modiin-news-23/,same address
https://www.modiin4u.co.il/news/modiin-news-24/,/news/modiin-news-24/,news,articles,171468a5-a054-4a7b-9398-e7e18684fa28,אלוסטרומריה: גן עדן של פרחים בלב מודיעין,/news/modiin-news-24/,same address
https://www.modiin4u.co.il/news/modiin-news-25/,/news/modiin-news-25/,news,articles,8500bf71-004d-49ae-861c-5597b5d02058,מודיעין – מסיפור של מרד לחזון עתידי,/news/modiin-news-25/,same address
https://www.modiin4u.co.il/news/modiin-news-17/,/news/modiin-news-17/,news,articles,cec72706-eb91-4894-97fb-c62b22f94fc1,"לק ג'ל במודיעין: ציפורניים מושלמות, בכל עת",/news/modiin-news-17/,same address
https://www.modiin4u.co.il/news/modiin-news-26/,/news/modiin-news-26/,news,articles,ff0159da-2a7b-449d-9241-5d5ac0fd8bc4,מכלי מחזור זכוכית במורשת ובאזורי תעסוקה‎,/news/modiin-news-26/,same address
https://www.modiin4u.co.il/news/modiin-muni-update-44/,/news/modiin-muni-update-44/,news,articles,ec2e4f85-0c03-4f47-92c9-269a60b86167,מובילים במחזור במדד הרשות הכתומה של תאגיד תמיר‎,/news/modiin-muni-update-44/,same address
https://www.modiin4u.co.il/news/modiin-news-27/,/news/modiin-news-27/,news,articles,0d651c49-bd59-416a-8be5-7c75c6a73003,ירין עמוס – המכון החדש והמשגע במתחם אילה 360,/news/modiin-news-27/,same address
https://www.modiin4u.co.il/news/modiin-news-28/,/news/modiin-news-28/,news,articles,2d42edfa-629b-48a3-b60f-e56ba1b89318,מסעדות כשרות במודיעין: מדריך קולינרי משובח,/news/modiin-news-28/,same address
https://www.modiin4u.co.il/news/modiin-muni-update-45/,/news/modiin-muni-update-45/,news,articles,7fa35ea6-f701-4dd3-8504-2466192af656,מיזם איסוף שמיכות ומגבות בית הספר אופק‎,/news/modiin-muni-update-45/,same address
https://www.modiin4u.co.il/news/modiin-muni-update-46/,/news/modiin-muni-update-46/,news,articles,777f3859-c47b-46b9-8330-aa1fc411afc6,להתאהב בעיר בסיורים חווייתיים של מוזיאון מורשת,/news/modiin-muni-update-46/,same address
https://www.modiin4u.co.il/news/knafe-modiin-news/,/news/knafe-modiin-news/,news,articles,1db08cbb-3582-4cdf-ba47-91dd5225d7a9,כנאפה אבו גוש מודיעין: חגיגה למתוקים,/news/knafe-modiin-news/,same address
https://www.modiin4u.co.il/news/modiin-muni-update-47/,/news/modiin-muni-update-47/,news,articles,972ad699-a8df-42b3-bae4-32c42e29fa10,מיצג קהילת התצפיתניות‎,/news/modiin-muni-update-47/,same address
https://www.modiin4u.co.il/news/modiin-muni-update-48/,/news/modiin-muni-update-48/,news,articles,e718c95f-c250-4b43-87aa-47b4d24de831,הופעה מרגשת של בני נוער עם אבי סינגולדה‎,/news/modiin-muni-update-48/,same address
https://www.modiin4u.co.il/news/modiin-muni-update-49/,/news/modiin-muni-update-49/,news,articles,60565984-1062-4c46-9ecf-a41b0fbac99c,אימון הסמכת מפקדים גדוד יהודה‎,/news/modiin-muni-update-49/,same address
https://www.modiin4u.co.il/news/modiin-muni-update-50/,/news/modiin-muni-update-50/,news,articles,02e62ed3-399e-4b39-9b85-b32ff9f7b78b,תקופת המבחנים לסטודנטים בספייסמוד‎,/news/modiin-muni-update-50/,same address
https://www.modiin4u.co.il/news/modiin-muni-update-51/,/news/modiin-muni-update-51/,news,articles,f10e9baf-ab15-4323-9e30-777f4cd483ac,תחרות ציורים פוסטר השלום‎,/news/modiin-muni-update-51/,same address
https://www.modiin4u.co.il/news/modiin-muni-update-52/,/news/modiin-muni-update-52/,news,articles,5b1d41da-320e-48f8-a144-5bb54606c163,מועצת הנוער החדשה‎,/news/modiin-muni-update-52/,same address
https://www.modiin4u.co.il/news/modiin-muni-update-53/,/news/modiin-muni-update-53/,news,articles,26884fcf-5acc-47cf-880d-d537406ed200,יום המילה הטובה באורט עירוני ד‎ מודיעין,/news/modiin-muni-update-53/,same address
https://www.modiin4u.co.il/news/modiin-muni-update-54/,/news/modiin-muni-update-54/,news,articles,e9f38b4a-0fd1-4cc9-a64c-3f016b6ece45,הסתיימו העבודות לשדרוג כביש עמק דותן‎,/news/modiin-muni-update-54/,same address
https://www.modiin4u.co.il/news/modiin-muni-update-55/,/news/modiin-muni-update-55/,news,articles,c02e861e-8e13-4f0b-99f9-fa5106e85af1,עידוד מחזור סוללות בשכונות‎,/news/modiin-muni-update-55/,same address
https://www.modiin4u.co.il/news/modiin-muni-update-56/,/news/modiin-muni-update-56/,news,articles,3f72b04c-f4a7-437d-bc29-d2ee2871ee18,נטיעות בגן הזיכרון בבית ספר מור לזכר חללי המלחמה בוגרי בית הספר‎,/news/modiin-muni-update-56/,same address
https://www.modiin4u.co.il/news/m/,/news/m/,news,articles,265875a3-1498-4567-844c-fa35951880e3,אולפנת אורות מודיעין זכתה במקום השלישי בגמר טורניר בין תחומי‎,/news/m/,same address
https://www.modiin4u.co.il/news/modiin-news-29/,/news/modiin-news-29/,news,articles,711e2c57-a811-4bd7-a1ca-73ec5a9581a2,ביקוש שיא: שכונת מורשת מודיעין,/news/modiin-news-29/,same address
https://www.modiin4u.co.il/news/modiin-news-30/,/news/modiin-news-30/,news,articles,27deac51-ff09-44fe-b4d9-c9bc4c22ad72,"סקר הסופרים במודיעין: יוחננוף מובילה, רמי לוי במקום השני",/news/modiin-news-30/,same address
https://www.modiin4u.co.il/news/modiin-muni/,/news/modiin-muni/,news,articles,1691e75d-ad6f-41fa-a2b6-2a245dbf5a50,פרויקט שותלים מילים טובות באבני חן‎,/news/modiin-muni/,same address
https://www.modiin4u.co.il/news/modiin-muni-2/,/news/modiin-muni-2/,news,articles,33f39256-0589-46b5-8b1c-2177ae88de00,פיתוח פארק בשכונת הציפורים‎,/news/modiin-muni-2/,same address
https://www.modiin4u.co.il/news/modiin-muni-3/,/news/modiin-muni-3/,news,articles,2c8b46d3-f448-4e76-aff8-609e298a850a,מתחם עזריאלי מערב נחנך בעיר,/news/modiin-muni-3/,same address
https://www.modiin4u.co.il/news/modiin-muni-4/,/news/modiin-muni-4/,news,articles,0717fc6f-6b83-4980-9ce2-128b9f155deb,מאות חיילים בכנס משתחררים 2025‎,/news/modiin-muni-4/,same address
https://www.modiin4u.co.il/news/modiin-muni-5/,/news/modiin-muni-5/,news,articles,97fa0b7e-08c8-4d60-b283-e9ae9d2c7e25,כיתוב תמונה-אלון אוחיון חתן חידון התנך המחוזי‎,/news/modiin-muni-5/,same address
https://www.modiin4u.co.il/news/modiin-muni-6/,/news/modiin-muni-6/,news,articles,bdb49bee-1647-41ca-9ced-b25731a27bf7,יחידת החילוץ בתרגיל נרחב בבסיס זיקים‎,/news/modiin-muni-6/,same address
https://www.modiin4u.co.il/news/modiin-muni-7/,/news/modiin-muni-7/,news,articles,848f2fbe-e3d5-4ef5-9fe1-781e8c98c0fb,חנוכת אנדרטה לזכר הנופלים בישיבת בני עקיבא לפיד‎,/news/modiin-muni-7/,same address
https://www.modiin4u.co.il/news/modiin-muni-8/,/news/modiin-muni-8/,news,articles,69ceaa97-8b00-464e-bf50-3c192271b320,הפחים הכתומים הגיעו לשכונת מורשת‎,/news/modiin-muni-8/,same address
https://www.modiin4u.co.il/news/modiin-news-31/,/news/modiin-news-31/,news,articles,04b9e6b2-e165-4644-9399-7fbc2c7cd0e3,יפעת מורן-ריינברג: אשת הקהילות שמאחורי השינוי במודיעין,/news/modiin-news-31/,same address
https://www.modiin4u.co.il/news/modiin-muni-9/,/news/modiin-muni-9/,news,articles,0a8c33d3-9900-4a85-be6f-6ee28cfbe833,מככבים בתחרויות הרובוטיקה‎,/news/modiin-muni-9/,same address
https://www.modiin4u.co.il/news/modiin-muni-10/,/news/modiin-muni-10/,news,articles,e6eb3a34-810c-4673-8acb-1e4950a4073e,פגישה עם מפקד מחוז מרכז וירושלים של פיקוד העורף – תכנית עבודה 2025 ‎,/news/modiin-muni-10/,same address
https://www.modiin4u.co.il/news/modiin-muni-11/,/news/modiin-muni-11/,news,articles,4f7302fc-622c-4387-a372-ed0d2bbd5f1e,אגף המחשוב בעירייה זכה בפרסי הצטיינות‎,/news/modiin-muni-11/,same address
https://www.modiin4u.co.il/news/modiin-news-32/,/news/modiin-news-32/,news,articles,87fd277a-97a1-43af-a347-5a956a74214f,תותי נמצאה! מודיעין חגגה את שובה של הכלבה האבודה,/news/modiin-news-32/,same address
https://www.modiin4u.co.il/news/modiin-news-33/,/news/modiin-news-33/,news,articles,eaeaf4cf-7927-4046-8e94-05a337610983,"""תגידו לי שאתם מודיעינים בלי להגיד שאתם מודיעינים"": הצצה משעשעת לחיי העיר",/news/modiin-news-33/,same address
https://www.modiin4u.co.il/news/modiin-muni-12/,/news/modiin-muni-12/,news,articles,4a1c54ce-e5de-4c93-8e8d-9ce5081f503c,התחילו העבודות לשדרוג פארק עמק החולה‎,/news/modiin-muni-12/,same address
https://www.modiin4u.co.il/news/modiin-muni-13/,/news/modiin-muni-13/,news,articles,5726e398-79cb-49a3-bbbd-44529d52a3fa,תערוכת פרויקט העדשה שלי למניע אלימות ברשת‎,/news/modiin-muni-13/,same address
https://www.modiin4u.co.il/news/modiin-muni-14/,/news/modiin-muni-14/,news,articles,205a2c0a-53d6-4a3c-b795-b4d1cc27a3f3,יום שיא בבתי הספר בתכנית חינוך סביבתי‎,/news/modiin-muni-14/,same address
https://www.modiin4u.co.il/news/modiin-muni-15/,/news/modiin-muni-15/,news,articles,2bc47dc4-47eb-4409-b8cc-54bfa42690ee,מחזקים את התיירות-מפגש העשרה למורי דרך מקומיים‎,/news/modiin-muni-15/,same address
https://www.modiin4u.co.il/news/modiin-muni-16/,/news/modiin-muni-16/,news,articles,a68c73fd-b8fa-4a95-96f1-17f213dba2e9,בני נוער מתנדבים חילקו שקיות מחזור בשכונת מורשת‎,/news/modiin-muni-16/,same address
https://www.modiin4u.co.il/news/modiin-news-34/,/news/modiin-news-34/,news,articles,39b16cb9-46a6-40b1-af11-6e99d575a968,אלופי הרובוטיקה 2025: תלמידי אמית בנים מודיעין במחקר תת-ימי יחודי – שימוש במצלמות נסתרות למעקב אחרי דגים,/news/modiin-news-34/,same address
https://www.modiin4u.co.il/news/modiin-news-35/,/news/modiin-news-35/,news,articles,e2567542-f6fe-4813-9511-a92b2f58b72b,מודיעין מתאחדת לזכר משפחת ביבס: מחווה לאומית,/news/modiin-news-35/,same address
https://www.modiin4u.co.il/news/modiin-muni-17/,/news/modiin-muni-17/,news,articles,7bb7fd32-d948-454e-8a8a-466b63ce2c1e,העדלאידע במודיעין בפורים תתקיים בסימן הרוח הישראלית,/news/modiin-muni-17/,same address
https://www.modiin4u.co.il/news/modiin-news-36/,/news/modiin-news-36/,news,articles,400983d2-3849-429d-9a17-121d93ce2e0b,"""אמיליה"": חן בן יחזקאל מביא את בשורת חיי הלילה החדשה למודיעין",/news/modiin-news-36/,same address
https://www.modiin4u.co.il/news/modiin-news-37/,/news/modiin-news-37/,news,articles,58f81abf-f74d-4d37-9fb4-61715ec0f29d,"דיסקונט מודיעין: אנחנו לא רק בנק, אנחנו חלק מהקהילה",/news/modiin-news-37/,same address
https://www.modiin4u.co.il/news/modiin-news-38/,/news/modiin-news-38/,news,articles,5e486562-4c1e-4f72-b62d-bce955a53aa4,מודיעין: עיר עם עתיד? האם גם לצעירים יש בו מקום?,/news/modiin-news-38/,same address
https://www.modiin4u.co.il/news/modiin-muni-18/,/news/modiin-muni-18/,news,articles,20395ff9-8a79-41ca-83cd-9a1cc5e47b26,שלל אירועים בחודש האישה בעיר‎,/news/modiin-muni-18/,same address
https://www.modiin4u.co.il/news/modiin-muni-19/,/news/modiin-muni-19/,news,articles,c9c4480f-e0c3-4210-82ca-e30510e6e108,פיילוט משלוח ציוד עזרה ראשונה לגני ילדים‎,/news/modiin-muni-19/,same address
https://www.modiin4u.co.il/news/modiin-muni-20/,/news/modiin-muni-20/,news,articles,dbbcdf93-f863-47d5-8b7f-51194910a320,אירוע לזכר אורי אורבך‎,/news/modiin-muni-20/,same address
https://www.modiin4u.co.il/news/modiin-muni-21/,/news/modiin-muni-21/,news,articles,f3d77318-ad3a-4260-beb2-78ceafcacb75,הנחת אבן פינה בית ספר ארץ הצבר‎,/news/modiin-muni-21/,same address
https://www.modiin4u.co.il/news/modiin-muni-22/,/news/modiin-muni-22/,news,articles,347d913d-b970-49e4-ab7c-3117ab7c1f18,קמפיין עירוני:משפחות עם צרכים מיוחדים קיבלו צמידי פטור מתור ‎,/news/modiin-muni-22/,same address
https://www.modiin4u.co.il/news/modiin-news-40/,/news/modiin-news-40/,news,articles,82c8018a-4e1d-4204-b856-82df7a44e7d3,"600 תגובות, מאות לייקים והיסטריה עירונית: כך נבחר הכלב הכי יפה במודיעין!",/news/modiin-news-40/,same address
https://www.modiin4u.co.il/news/modiin-news-41/,/news/modiin-news-41/,news,articles,1d8c1eac-863d-4a16-8287-b05314d5372f,מסורת שוברת שגרה: איך הפך בית הספר יחד ליפן קטנה?,/news/modiin-news-41/,same address
https://www.modiin4u.co.il/news/modiin-muni-23/,/news/modiin-muni-23/,news,articles,261d7590-f65b-4fd3-90f2-c26030a6fb89,שבוע צהל לתלמידי מודיעין לקראת גיוס‎,/news/modiin-muni-23/,same address
https://www.modiin4u.co.il/news/modiin-muni-24/,/news/modiin-muni-24/,news,articles,a58878b0-4964-4596-a543-7b676a961ce0,"""בשבילם זה שדה קרב"": העירייה במבצע מיוחד נגד נפצים בפורים!",/news/modiin-muni-24/,same address
https://www.modiin4u.co.il/news/modiin-muni-25/,/news/modiin-muni-25/,news,articles,bae9c397-484f-46fd-98b3-7d82c53f8675,"הפסיכולוגית מ""חתונה ממבט ראשון"" מגיעה למודיעין: מה היא הולכת לחשוף?",/news/modiin-muni-25/,same address
https://www.modiin4u.co.il/news/modiin-muni-26/,/news/modiin-muni-26/,news,articles,da1481bf-b57f-4dde-bdc2-dad605153072,יום המעשים הטובים במודיעין: כך תצטרפו למאות התושבים שעושים טוב,/news/modiin-muni-26/,same address
https://www.modiin4u.co.il/news/modiin-muni-27/,/news/modiin-muni-27/,news,articles,5931d5d3-8641-40b8-8dce-a56db588071f,"""הדמעות והחיוכים"": מתנדבי יחידת החילוץ בביקור עוצמתי בבית לוינשטיין",/news/modiin-muni-27/,same address
https://www.modiin4u.co.il/news/modiin-muni-28/,/news/modiin-muni-28/,news,articles,403cd0b7-4504-41a0-bb62-2679d2773c27,הפתעה במודיעין: אנה זק בהופעה חיה בעדלאידע העירונית!,/news/modiin-muni-28/,same address
https://www.modiin4u.co.il/news/modiin-news-42/,/news/modiin-news-42/,news,articles,1b4424d6-9403-4677-bed7-077e3f0ef040,"הפנים מאחורי האימפריה: גל איזביצקי, מילד הפרחים לבעלים של העסקים הכי חמים במודיעין!",/news/modiin-news-42/,same address
https://www.modiin4u.co.il/news/modiin-news-43/,/news/modiin-news-43/,news,articles,884a74a0-5f65-4e5b-a8cc-030de49a4df9,"קמפיין 5 שקלים בעזריאלי מודיעין: בורגראנץ', TOPTEN ועוד",/news/modiin-news-43/,same address
https://www.modiin4u.co.il/news/modiin-news-44/,/news/modiin-news-44/,news,articles,0d8c9b6a-4c7d-401b-b665-98e56488ac3a,מודיעין תחת מתקפה: גל גניבות רכבים מטלטל את העיר – התושבים חוששים!,/news/modiin-news-44/,same address
https://www.modiin4u.co.il/news/modiin-news-45/,/news/modiin-news-45/,news,articles,9be2ae78-a4ae-48f2-8e3f-a17ea5cbe6f4,מהפכה במודיעין: מלון ג'ייקוב נפתח בקרוב – הצצה בלעדית למלון הראשון בעיר!,/news/modiin-news-45/,same address
https://www.modiin4u.co.il/news/modiin-muni-29/,/news/modiin-muni-29/,news,articles,cdf0cd35-f938-4c84-99f5-9a80e503dc48,פורים במודיעין: אכיפה חסרת פשרות נגד נפצים – המשטרה פועלת!,/news/modiin-muni-29/,same address
https://www.modiin4u.co.il/news/modiin-news-46/,/news/modiin-news-46/,news,articles,fbf50a0b-e991-4e45-92aa-7b8613d37ac8,הלילה מודיעין הופכת לקרנבל: כל מסיבות הפורים הלוהטות שמחכות לכם!,/news/modiin-news-46/,same address
https://www.modiin4u.co.il/news/modiin-news-47/,/news/modiin-news-47/,news,articles,61cd3af0-6a94-4947-859c-af662dc75232,מתחם קיר הטיפוס הבינלאומי THE WALL יוצא לדרך,/news/modiin-news-47/,same address
https://www.modiin4u.co.il/news/modiin-news-48/,/news/modiin-news-48/,news,articles,3a1cc8af-2d4d-478f-b44d-744f7107e53b,בית הספר אבני החושן זכה בתואר בית ספר כוכב בתחום הבינה המלאכותית‎,/news/modiin-news-48/,same address
https://www.modiin4u.co.il/news/modiin-news-49/,/news/modiin-news-49/,news,articles,bc40196a-8665-427a-8bd2-4d8322aacf14,היה שמח במודיעין: מסיבת רחוב עם נטע ברזילי והפנינג ילדים עם רוי בוי – סיכום!,/news/modiin-news-49/,same address
https://www.modiin4u.co.il/news/modiin-news-50/,/news/modiin-news-50/,news,articles,6fcbef2c-6124-471b-a792-a03ae4f6184b,"סערה במודיעין: רוב מוחץ מתנגד להדחת ראש השב""כ בסקר פייסבוק סוער!",/news/modiin-news-50/,same address
https://www.modiin4u.co.il/news/modiin-news-51/,/news/modiin-news-51/,news,articles,cfd4506d-30e6-4bcc-ab22-3a90d7a60c8d,"פעוט ננעל בשגגה ברכב, וחולץ בשלום על ידי מתנדב ידידים",/news/modiin-news-51/,same address
https://www.modiin4u.co.il/news/modiin-news-52/,/news/modiin-news-52/,news,articles,364820c9-2c3f-41bf-a3d3-1facd03c7865,יום מעשים טובים במודיעין: מבול של נתינה וקהילתיות מרגשת!,/news/modiin-news-52/,same address
https://www.modiin4u.co.il/news/modiin-muni-30/,/news/modiin-muni-30/,news,articles,22b0e017-520f-4348-a070-291ecec3ff73,"דורות נפגשים: נוער מעניק ידע, ותיקים מעניקים חוכמה",/news/modiin-muni-30/,same address
https://www.modiin4u.co.il/news/modiin-news-53/,/news/modiin-news-53/,news,articles,7ed02e00-1766-4ebd-899d-febe5ca5ab9a,פסח הזה חופרים בהיסטוריה: פעילויות מיוחדות לכל המשפחה במוזיאון מורשת החשמונאים!,/news/modiin-news-53/,same address
https://www.modiin4u.co.il/news/modiin-news-54/,/news/modiin-news-54/,news,articles,392c2c0a-d156-4491-b630-ec1e77988190,"""משעול איתן"": מחווה מרגשת לזכרו של סמ""ר איתן קרלסברון ז""ל",/news/modiin-news-54/,same address
https://www.modiin4u.co.il/news/modiin-news-55/,/news/modiin-news-55/,news,articles,6f3fd8d3-00e0-422f-9082-bdb37eab7332,"""שבוע צה""ל עירוני"" סחף אלפי מלש""בים: חוויה מעוררת השראה ומועילה לקראת הגיוס",/news/modiin-news-55/,same address
https://www.modiin4u.co.il/news/modiin-news-57/,/news/modiin-news-57/,news,articles,d2111388-893f-46c5-8ea2-af30ae8e83f3,"סוף שבוע אביבי וקהילתי במודיעין: אלפי תושבים נהנו מפרויקט ""נעים להכיר""",/news/modiin-news-57/,same address
https://www.modiin4u.co.il/news/modiin-news-58/,/news/modiin-news-58/,news,articles,b38df673-d4c0-43ff-8897-a004cf1ca2ba,"תלמידי ""שיבולים"" פגשו את הוריה של התצפיתנית הדר כהן ז""ל שנרצחה בטבח",/news/modiin-news-58/,same address
https://www.modiin4u.co.il/news/modiin-news-59/,/news/modiin-news-59/,news,articles,c25c9054-28c3-4212-9a83-e3054c37fb09,מודיעין מתכוננת ליריד הפשפשוק העשירי בפארק הדגים,/news/modiin-news-59/,same address
https://www.modiin4u.co.il/news/modiin-news-60/,/news/modiin-news-60/,news,articles,18868378-0834-4ee8-b3c5-b4d3cf8109f2,בשורה טובה לתושבי השכונות הוותיקות במודיעין: שדרוג תשתיות נמשך בהצלחה,/news/modiin-news-60/,same address
https://www.modiin4u.co.il/news/modiin-news-56/,/news/modiin-news-56/,news,articles,8a5c7f64-b61f-4518-9109-135c58cc6f0f,נבחרות הרובוטיקה של מודיעין כובשות את הארץ ומתכוננות לבמה העולמית!,/news/modiin-news-56/,same address
https://www.modiin4u.co.il/news/modiin-news-62/,/news/modiin-news-62/,news,articles,226fae0e-b449-49de-97c6-a16a880391fc,קבוצת הרובוטיקה של אמית מודיעין בנים – טרייגון 5990 זכתה במקום הראשון בתחרות הארצית והעפילה לתחרות העולמית ביוסטון,/news/modiin-news-62/,same address
https://www.modiin4u.co.il/news/modiin-news-63/,/news/modiin-news-63/,news,articles,acbc4312-0cdf-45d2-bd9f-9fc8a1112fde,חשיפה ראשונה: הדמיה של הים המלאכותי שהולך להחליף את ענבה – האם מודיעין בדרך לחוף משלה?,/news/modiin-news-63/,same address
https://www.modiin4u.co.il/news/modiin-news-64/,/news/modiin-news-64/,news,articles,919af781-9617-4c6b-8558-11ec54edb3cc,האיש שלא עוצר: צח שמחה מרים אנשים – באימונים טכנולוגיים ובצד הדרך,/news/modiin-news-64/,same address
https://www.modiin4u.co.il/news/modiin-news-61/,/news/modiin-news-61/,news,articles,0cb53ce9-c041-481d-af2a-6e770dafdcd7,נתנאל כהן: מהחזית בעזה ועד לפיצה האיכותית של פאפא ג'ונס במודיעין,/news/modiin-news-61/,same address
https://www.modiin4u.co.il/news/modiin-news-21/,/news/modiin-news-21/,news,articles,ab6e1c02-1f6c-4274-a7e4-74ad783b065f,ספר הנשים במודיעין אייל לוי: האמן מאחורי המספריים במודיעין,/news/modiin-news-21/,same address
https://www.modiin4u.co.il/news/modiin-news-65/,/news/modiin-news-65/,news,articles,f792aa26-2752-4ce3-8431-ff6f55a9561b,מודיעין בשיא הנתינה: מאות משפחות יחגגו את הפסח בכבוד הודות לסיוע העירוני והקהילתי,/news/modiin-news-65/,same address
https://www.modiin4u.co.il/news/modiin-news-66/,/news/modiin-news-66/,news,articles,553467c4-d171-46ad-ab11-4ec66e2aa4dd,תאוצה במודיעין: בני נוער יצאו לשטח למאבק בשתיית אלכוהול בקרב בני גילם,/news/modiin-news-66/,same address
https://www.modiin4u.co.il/news/modiin-news-67/,/news/modiin-news-67/,news,articles,3e169542-9b10-40b1-9af2-7ae99251be07,"""פשפשוק"" חגיגי בפארק הדגים: מאות תושבים נהנו ממכירה קהילתית לקראת פסח",/news/modiin-news-67/,same address
https://www.modiin4u.co.il/news/modiin-news-68/,/news/modiin-news-68/,news,articles,d97dd253-ea82-4a7a-bf5f-22072f30992a,אמנות בין הברושים: חוויה חדשה ומרתקת מחכה לכם בגבעת הברושים,/news/modiin-news-68/,same address
https://www.modiin4u.co.il/news/modiin-news-69/,/news/modiin-news-69/,news,articles,3398029f-df84-4760-aec6-7f1e0cbf1fb8,"""יותר משחשוב לנו שתלמידים יחוו את העולם, חשוב לנו שהקהילה תחווה אותנו"": יום מרגש בבית חינוך צלילים הדגיש את הקשר עם הקהילה והכוח המרפא של האמנות",/news/modiin-news-69/,same address
https://www.modiin4u.co.il/news/modiin-news-70/,/news/modiin-news-70/,news,articles,ef05ac69-072a-4ed3-8dd0-107219f2b3c4,אלפים חגגו בטעמים וצלילים בפסטיבל הבירה הססגוני של מודיעין,/news/modiin-news-70/,same address
https://www.modiin4u.co.il/news/modiin-news-71/,/news/modiin-news-71/,news,articles,0e7a14c1-8670-4ead-b954-aea6f04b80bf,"""לחגוג יחד"": עולים חדשים ותיקים ציינו את הפסח בשמחה משותפת במודיעין",/news/modiin-news-71/,same address
https://www.modiin4u.co.il/news/modiin-news-72/,/news/modiin-news-72/,news,articles,8ab88d78-ca85-47f8-9fcf-f5aac40736a8,מזיכרון עמוק לחגיגה סוחפת: מודיעין מציינת את יום הזיכרון ויום העצמאות,/news/modiin-news-72/,same address
https://www.modiin4u.co.il/news/modiin-news-73/,/news/modiin-news-73/,news,articles,a9af041d-d3f1-4b11-8fe8-5fc1bc7192eb,"ראש העיר חיים ביבס: ""מודיעין היא ספינת הדגל של השלטון המקומי"".",/news/modiin-news-73/,same address
https://www.modiin4u.co.il/news/modiin-news-74/,/news/modiin-news-74/,news,articles,c96dc491-e8c5-417a-a6ba-7827d6bf35a5,מודיעין מקבלת אצטדיון כדורגל עירוני חדש!,/news/modiin-news-74/,same address
https://www.modiin4u.co.il/news/modiin-news-75/,/news/modiin-news-75/,news,articles,b19c6fc2-4b5f-4be5-bb98-87b0d738d7eb,משטרת מודיעין: חקירה בגין חשד לעבירות מין חמורות שבוצעו בקטינים,/news/modiin-news-75/,same address
https://www.modiin4u.co.il/news/modiin-news-76/,/news/modiin-news-76/,news,articles,f9b6bae0-2de9-4fec-91cf-1a88d1e3d9fc,"מהלך ענק במודיעין: אריק שיבק מצטרף ל""עוצמה מודיעין"" כיועץ אסטרטגי",/news/modiin-news-76/,same address
https://www.modiin4u.co.il/news/modiin-news-77/,/news/modiin-news-77/,news,articles,6b0944cb-5644-4f7d-9d9f-0de76284897a,בפעם השניה ברציפות – באמצע אליפות הרובוטיקה העולמית – תלמידי אמית מודיעין פרשו בשל כניסת השבת וויתרו על האליפות.,/news/modiin-news-77/,same address
https://www.modiin4u.co.il/news/modiin-news-78/,/news/modiin-news-78/,news,articles,4902de00-ea78-431c-9c9f-5c73e0a33c98,וואו! מהפך מדהים בפארק האהוב בעמק החולה – אתם פשוט חייבים לראות!,/news/modiin-news-78/,same address
https://www.modiin4u.co.il/news/modiin-news-79/,/news/modiin-news-79/,news,articles,8060b913-b639-4483-9101-618af9fe29a4,אלפים גילו את הסוד העתיק של מודיעין בפסח – ואתם יכולים להיות הבאים!,/news/modiin-news-79/,same address
https://www.modiin4u.co.il/news/modiin-news-80/,/news/modiin-news-80/,news,articles,e0543be8-6db8-4642-a679-d5ed8989a114,סוף סוף זה קורה! מודיעין יוצאת לדרך עם אצטדיון כדורגל חדש ומרשים – כל הפרטים בפנים!,/news/modiin-news-80/,same address
https://www.modiin4u.co.il/news/modiin-news-81/,/news/modiin-news-81/,news,articles,9d0963e0-7fd3-4da6-8265-2d35e03ad340,מרגש במודיעין: ניצולי שואה פוגשים את העתיד בסדנת AI ייחודית – איך זה קרה? לחצו כדי לגלות!,/news/modiin-news-81/,same address
https://www.modiin4u.co.il/news/modiin-news-82/,/news/modiin-news-82/,news,articles,a4cc270d-72bd-471c-8635-141c6c57516b,"וואו! פארק חדש ומטורף נפתח בציפורים – גן משחקים תלול, טבע פראי ונוף עוצר נשימה מחכים לכם! לחצו לכל הפרטים!",/news/modiin-news-82/,same address
https://www.modiin4u.co.il/news/modiin-news-83/,/news/modiin-news-83/,news,articles,dac609e1-4da3-47da-afaa-4104c15ea4c8,מהפכה ירוקה במודיעין! יותר עמדות מחזור חדשות ושיא מדהים במיחזור אלקטרוני – בואו לראות כמה העיר שלנו אלופה!,/news/modiin-news-83/,same address
https://www.modiin4u.co.il/news/modiin-news-84/,/news/modiin-news-84/,news,articles,a0ecfa3a-709e-4fcc-894b-d53ed9087511,הצצה נדירה לאימונים המיוחדים של כיתת הכוננות העירונית – מתנדבים מסורים בחזית הביטחון!,/news/modiin-news-84/,same address
https://www.modiin4u.co.il/news/modiin-news-85/,/news/modiin-news-85/,news,articles,5a669cf5-1656-444b-8554-72fc556b712f,עיריית מודיעין יוצאת למלחמת חורמה בצואת כלבים – קנסות ענק ואכיפה מוגברת בדרך!,/news/modiin-news-85/,same address
https://www.modiin4u.co.il/news/modiin-news-86/,/news/modiin-news-86/,news,articles,649dc829-7041-42f0-8c7d-234fb8a489b1,היסטוריה במודיעין! עירוני מודיעין עולה לליגה הלאומית!,/news/modiin-news-86/,same address
https://www.modiin4u.co.il/news/modiin-news-87/,/news/modiin-news-87/,news,articles,982fb8fd-647e-48e1-a6a1-4a1c46515580,ET Foodtruck Wine נוחת מחדש במודיעין עם תפריט מטריף – אל תפספסו!,/news/modiin-news-87/,same address
https://www.modiin4u.co.il/news/modiin-news-88/,/news/modiin-news-88/,news,articles,27269bcb-767e-4d03-b5ba-1279adef23c5,"סערה פתאומית במודיעין! עצים קרסו, מפגעים נרשמו – כל העדכונים",/news/modiin-news-88/,same address
https://www.modiin4u.co.il/news/modiin-news-89/,/news/modiin-news-89/,news,articles,fb0779b9-ab3f-4374-ace3-0add7dd4f251,סערה במודיעין: ילד בן 12 שלף סכין במשחק כדורגל,/news/modiin-news-89/,same address
https://www.modiin4u.co.il/news/modiin-news-90/,/news/modiin-news-90/,news,articles,21eda99e-ccda-4173-91f2-b2556f537844,ארומה ישפרו פותח שוב את שעריו אחרי שיפוץ – בואו לראות איך הוא נראה מבפנים!,/news/modiin-news-90/,same address
https://www.modiin4u.co.il/news/modiin-news-91/,/news/modiin-news-91/,news,articles,7021a3c7-b142-41a0-9131-fc8853d03a60,"הלב נשבר והנתינה מרגשת: ילדי ""אלונים"" הנציחו את גיבורי מודיעין בדרך הכי מתוקה שיש – אל תפספסו את הסיפור המיוחד!",/news/modiin-news-91/,same address
https://www.modiin4u.co.il/news/modiin-news-92/,/news/modiin-news-92/,news,articles,19080ac9-6cf6-41e2-ac86-b5e7f4bdb743,סודות הטבע נחשפים בוואדי ענבה! הצטרפו למסע מרתק עם החוקרים הצעירים של מודיעין – אל תחמיצו את זה!,/news/modiin-news-92/,same address
https://www.modiin4u.co.il/news/modiin-news-93/,/news/modiin-news-93/,news,articles,845d064f-9b89-48bf-bd54-bc489f578b1c,חוזרים לנשום אוויר צח! יוגה בפארק האהובה חוזרת למודיעין – מחכים לכם עם מחצלת!,/news/modiin-news-93/,same address
https://www.modiin4u.co.il/news/modiin-news-94/,/news/modiin-news-94/,news,articles,6bc6fb81-1623-4dbc-abd1-6ad28f679bba,מאות כבשים במשימה סודית למען העיר שלכם – אל תפספסו את הסיבה המפתיעה!,/news/modiin-news-94/,same address
https://www.modiin4u.co.il/news/modiin-news-95/,/news/modiin-news-95/,news,articles,397c05da-c89a-4ca1-9785-88691884989b,הסיפור המדהים מהגטו מגיע למודיעין! עיתון הנוער שצחק על המוות – מפגש חובה עם הסופרת מאיה פולק!,/news/modiin-news-95/,same address
https://www.modiin4u.co.il/news/modiin-news-96/,/news/modiin-news-96/,news,articles,075944a0-b023-4ad2-9e69-a089e1d98114,"""ממעמקים"": מודיעין התייחדה עם זכר השואה – עדות מצמררת של ניצול מקומי וטקסים מרגשים ברחבי העיר",/news/modiin-news-96/,same address
https://www.modiin4u.co.il/news/modiin-news-97/,/news/modiin-news-97/,news,articles,1799212f-83ea-4646-a7f5-b63fdc6fc54a,העתיד האקדמי שלכם מתחיל כאן! יריד ההשכלה הגבוהה חוזר למודיעין עם הטבות בלעדיות,/news/modiin-news-97/,same address
https://www.modiin4u.co.il/news/modiin-news-98/,/news/modiin-news-98/,news,articles,e6918db3-c5f4-4ffa-a84d-0aea4a6ab9b1,גאווה עצומה למודיעין! נציגי העיר הגיעו לגמר אליפות העולם ברובוטיקה – ובחרו בעקרון על פני התואר! למה הם עשו את זה? כל הפרטים בפנים!,/news/modiin-news-98/,same address
https://www.modiin4u.co.il/news/modiin-news-99/,/news/modiin-news-99/,news,articles,57e013d2-72a6-4c7a-8980-b7a8f8af09bb,הקיץ הגיע והיתושים חוגגים? לא במודיעין! העירייה יוצאת למבצע מיוחד לייבוש מקורות מים,/news/modiin-news-99/,same address
https://www.modiin4u.co.il/news/modiin-news-100/,/news/modiin-news-100/,news,articles,844dcc35-9082-4b86-b4be-4c9fc7dca7ee,רוצים עיר ירוקה יותר? ההזדמנות האחרונה שלכם להוביל את השינוי במודיעין – ההרשמה נסגרת בקרוב!,/news/modiin-news-100/,same address
https://www.modiin4u.co.il/news/modiin-news-101/,/news/modiin-news-101/,news,articles,e606cef7-5a08-4cf9-959a-e104035b7f7e,מאנץ' לילי במודיעין: הטעמים שלא נותנים לכם לישון בשקט,/news/modiin-news-101/,same address
https://www.modiin4u.co.il/news/modiin-news-103/,/news/modiin-news-103/,news,articles,0c97e2b1-7860-431f-b112-1941b91e61f6,נער בן 15 ממודיעין נעצר בחשד להפצת תכנים מיניים קשים ברשת,/news/modiin-news-103/,same address
https://www.modiin4u.co.il/news/modiin-news-104/,/news/modiin-news-104/,news,articles,d86efaec-30b8-4802-94da-5b42d45e09df,וואו! הרחוב הראשי במודיעין בין עשרת היפים בישראל,/news/modiin-news-104/,same address
https://www.modiin4u.co.il/news/modiin-news-102/,/news/modiin-news-102/,news,articles,c7824273-5d25-4512-a34e-2887d1b88c23,"עזבו הכל, ״בצל התאנה״ המקום החדש במודיעין פשוט מושלם!",/news/modiin-news-102/,same address
https://www.modiin4u.co.il/news/modiin-news-105/,/news/modiin-news-105/,news,articles,a055235e-2350-42c9-909e-62ad8f3595d7,מלאך אמיתי במודיעין! זכיין פאפא ג'ונס מודיעין ריגש את העיר במעשה מדהים ביום הזיכרון!,/news/modiin-news-105/,same address
https://www.modiin4u.co.il/news/modiin-news-106/,/news/modiin-news-106/,news,articles,8079b96e-7433-40c8-84aa-0d03ba6bff85,דיווח ראשוני מזעזע במודיעין: קיר קרס על קבלן שיפוצים – מצבו קשה והצפה ענקית במקום!,/news/modiin-news-106/,same address
https://www.modiin4u.co.il/news/modiin-news-107/,/news/modiin-news-107/,news,articles,8af4ea80-c499-4b54-99c3-6710748ac509,מרגש ונוגע ללב במודיעין: העיר התקשטה בצהוב לקראת יום הזיכרון – הסיבה מאחורי המחווה המיוחדת!,/news/modiin-news-107/,same address
https://www.modiin4u.co.il/news/modiin-news-108/,/news/modiin-news-108/,news,articles,5477805e-117e-4ab9-b54a-01d10cf143c6,"פסטיבל ""הליכות ג'יין"" חוזר עם סיורים סודיים ומרתקים בחינם!",/news/modiin-news-108/,same address
https://www.modiin4u.co.il/news/modiin-news-109/,/news/modiin-news-109/,news,articles,ab481ec4-016f-49bf-89d5-6ab1eef72862,צעדת מודיעין ה-18 יוצאת לדרך עם מסלול חדש והפנינג ענק לכל המשפחה,/news/modiin-news-109/,same address
https://www.modiin4u.co.il/news/modiin-news-110/,/news/modiin-news-110/,news,articles,ba3540ef-babe-4584-88b1-42f8659d40a6,בני הנוער מחלקים גלויות זיכרון עם סיפורים נוגעים ללב וקפה – מחווה עוצמתית לזכר הנופלים!,/news/modiin-news-110/,same address
https://www.modiin4u.co.il/news/modiin-news-111/,/news/modiin-news-111/,news,articles,b6327d9c-3a0c-4fec-bf5f-efecc195ba4c,"איזה כיף! בית הספר ""עמית"" במודיעין חוגג 30 עם טיול אביב מיוחד בטבע!",/news/modiin-news-111/,same address
https://www.modiin4u.co.il/news/modiin-news-112/,/news/modiin-news-112/,news,articles,97748ff3-9133-48eb-a439-a74e598f959c,מודיעין חגגה עצמאות בענק! אלפים יצאו לרחובות אחרי הדחייה הדרמטית – כל הפרטים,/news/modiin-news-112/,same address
https://www.modiin4u.co.il/news/modiin-news-113/,/news/modiin-news-113/,news,articles,86ce2b1c-91a3-4958-a68b-f742feea5946,מרגש עד דמעות: תלמידי מודיעין ואזרחים ותיקים יחד לזכר הנופלים,/news/modiin-news-113/,same address
https://www.modiin4u.co.il/news/modiin-news-114/,/news/modiin-news-114/,news,articles,897cd7f8-5176-4bdc-a598-557eb6b0d7fd,מודיעין התייחדה: רגעים מרגשים ומרתקים מטקסי יום הזיכרון בעיר,/news/modiin-news-114/,same address
https://www.modiin4u.co.il/news/modiin-news-115/,/news/modiin-news-115/,news,articles,d4b2204e-4b2f-4074-894f-df672bac2f8d,מרגש במודיעין! ילדים פוגשים את גיבורי המילואים שלהם בכיתה,/news/modiin-news-115/,same address
https://www.modiin4u.co.il/news/modiin-news-116/,/news/modiin-news-116/,news,articles,a0d2a1bb-c36c-4c89-88a5-82dd015e4a9a,כל הפרטים על הקייטנות השוות של 'סחלבים' במודיעין – ההרשמה כבר נפתחה!,/news/modiin-news-116/,same address
https://www.modiin4u.co.il/news/modiin-news-117/,/news/modiin-news-117/,news,articles,12038f55-f7c5-4eee-9d45-21a9b6b60476,טוסקנה זה כאן? מסעדה איטלקית כשרה כובשת את מודיעין!,/news/modiin-news-117/,same address
https://www.modiin4u.co.il/news/modiin-news-118/,/news/modiin-news-118/,news,articles,0c5dcd2a-a613-49c0-a4b1-d1aadc33e500,"מגשימים את חלומו של הגיבור יונתן גוטין ז""ל בעיר שלנו",/news/modiin-news-118/,same address
https://www.modiin4u.co.il/news/modiin-news-119/,/news/modiin-news-119/,news,articles,7dcb45c9-1342-435e-b263-d8fb1b9e6127,דרמה במודיעין: פעוטה נלכדה ברכב לוהט,/news/modiin-news-119/,same address
https://www.modiin4u.co.il/news/modiin-news-120/,/news/modiin-news-120/,news,articles,b5b295ef-3b24-4dec-b993-3ac50710f2ba,"מודיעין כובשת את חיי הלילה: ""אמיליה בר"" מביאה את תל אביב לישפרו!",/news/modiin-news-120/,same address
https://www.modiin4u.co.il/news/modiin-news-121/,/news/modiin-news-121/,news,articles,c497b830-2b9e-4202-9fe2-4d84a55067fb,"הקיץ הגיע למודיעין: בריכות מפנקות, מגלשות מטורפות וחדר כושר",/news/modiin-news-121/,same address
https://www.modiin4u.co.il/news/modiin-news-122/,/news/modiin-news-122/,news,articles,fd1e0010-2e80-49a9-9208-0d51681f9392,"וואו, לא תאמינו אילו פינות נסתרות יש למודיעין! מאות יצאו לגלות את הקסם שמתחת לאף!",/news/modiin-news-122/,same address
https://www.modiin4u.co.il/news/modiin-news-124/,/news/modiin-news-124/,news,articles,f9b20c3b-42b5-4e48-b9bc-b3f91b1c1d79,"מודיעין חזקה יותר ביחד: צה""ל נרתם לעזרת המפונים לאחר השריפה!",/news/modiin-news-124/,same address
https://www.modiin4u.co.il/news/modiin-news-123/,/news/modiin-news-123/,news,articles,1129a422-084b-4d0a-b225-a4f44ecdb2e1,בתוך ההריסות: תיעוד עוצר נשימה של יחידת החילוץ במודיעין מתכוננת לגרוע מכל,/news/modiin-news-123/,same address
https://www.modiin4u.co.il/news/modiin-news-126/,/news/modiin-news-126/,news,articles,c67bada2-38e5-4b65-b4e0-ffc21afc8cc6,חדשות טובות במכבים: חומת ביטחון חדשה בדרך – וזה מה שיגן עלינו!,/news/modiin-news-126/,same address
https://www.modiin4u.co.il/news/modiin-news-125/,/news/modiin-news-125/,news,articles,495a3d2c-6825-444e-a7ba-dbe0204e4449,מודיעין מצדיעה: אות הוקרה מרוטרי על הסיוע המדהים לנפגעי המלחמה,/news/modiin-news-125/,same address
https://www.modiin4u.co.il/news/modiin-news-127/,/news/modiin-news-127/,news,articles,5be6c6b1-4f04-4426-b27e-b30aed32c3da,"מודיעין: פעוטה ננעלה ברכב וחולצה בשלום ע""י מתנדבי ידידים",/news/modiin-news-127/,same address
https://www.modiin4u.co.il/news/modiin-news-128/,/news/modiin-news-128/,news,articles,65dbb794-1b59-4f9c-a83b-b2067b6c594b,גאווה מודיעינית: תלמידי העיר פיתחו כלי AI שישנה את ההסברה הישראלית בעולם!,/news/modiin-news-128/,same address
https://www.modiin4u.co.il/news/modiin-news-129/,/news/modiin-news-129/,news,articles,1aa634a5-75f9-420d-80aa-9fd5375a3fcd,"הלב של מודיעין פועם: ילדי ""ענבלים"" מחבקים את המשפחות השכולות",/news/modiin-news-129/,same address
https://www.modiin4u.co.il/news/modiin-news-130/,/news/modiin-news-130/,news,articles,1841aaef-b0a1-4159-a096-8af0d0433fe5,"""נקי בזכותי"": הפתעה מתוקה לבעלי כלבים טובים במודיעין – אבל זה לא הכל!",/news/modiin-news-130/,same address
https://www.modiin4u.co.il/news/modiin-news-131/,/news/modiin-news-131/,news,articles,bbc2b1ca-28a1-4fe6-ba51-5624fe630d9a,רחוב צאלון מחודש ונוח לנסיעה – מה מחכה לנו ברחובות הבאים?,/news/modiin-news-131/,same address
https://www.modiin4u.co.il/news/modiin-news-132/,/news/modiin-news-132/,news,articles,f5b1f38d-64ad-4e63-96c0-f6bccde88d61,ערב סרט בחינם ליד הבית? מודיעין הופכת לקולנוע ענק תחת כיפת השמיים!,/news/modiin-news-132/,same address
https://www.modiin4u.co.il/news/modiin-news-133/,/news/modiin-news-133/,news,articles,f3f98e14-1685-4059-a1a2-cb0f6fc16682,וואו! 300 איש גילו את הסוד העתיק של מודיעין – ואתם?,/news/modiin-news-133/,same address
https://www.modiin4u.co.il/news/modiin-news-134/,/news/modiin-news-134/,news,articles,8cc1dcfa-d728-4770-b88b-ba806fa8bede,"""תודה"" שלא תשכחו: בני הנוער של מודיעין הפתיעו את עובדי בתי הספר",/news/modiin-news-134/,same address
https://www.modiin4u.co.il/news/modiin-news-135/,/news/modiin-news-135/,news,articles,6fa834e9-f9da-4fe1-906d-0a1606a05f95,תאונה קטלנית בצומת שילת: הרוגה ו2 פצועים במקום,/news/modiin-news-135/,same address
https://www.modiin4u.co.il/news/modiin-news-136/,/news/modiin-news-136/,news,articles,d9c526f5-8a28-43fd-a91e-7294cd04725c,אדרנלין במודיעין: מרוץ הלילה הזוהר חוזר,/news/modiin-news-136/,same address
https://www.modiin4u.co.il/news/modiin-news-137/,/news/modiin-news-137/,news,articles,2c37df53-00a9-47e0-b9cb-9acdd5e87377,"פליטת כדור בכיכר התחבורה – מאבטח נפצע, אין סכנה לציבור!",/news/modiin-news-137/,same address
https://www.modiin4u.co.il/news/modiin-news-138/,/news/modiin-news-138/,news,articles,477c7d0c-52c2-4a91-a3e4-b048264ef5fb,רכבת מודיעין-ירושלים: זינוק בתדירות הקווים,/news/modiin-news-138/,same address
https://www.modiin4u.co.il/news/modiin-news-139/,/news/modiin-news-139/,news,articles,f68312d6-9df6-448c-b464-9a443e3792a7,"החבר שלא ויתר: ההנצחה המרגשת של אורי יעיש הי""ד",/news/modiin-news-139/,same address
https://www.modiin4u.co.il/news/water-park-ligad/,/news/water-park-ligad/,news,articles,a90df948-2055-4461-8330-20ff63ded06d,פארק המים במודיעין ליגד: המקום האידיאלי לקיץ של כיף עם המשפחה,/news/water-park-ligad/,same address
https://www.modiin4u.co.il/news/givat-hatitora/,/news/givat-hatitora/,news,articles,e0934d0f-e8c5-44b9-8e36-d427f77ece7d,גבעת התיתורה – אתר טבע וארכיאולוגיה בלב מודיעין,/news/givat-hatitora/,same address
https://www.modiin4u.co.il/news/ben-shemen-forest/,/news/ben-shemen-forest/,news,articles,b0c0ce06-a6f2-43ae-83ad-9bb5215bdbcf,מצפה מודיעין ביער בן שמן,/news/ben-shemen-forest/,same address
https://www.modiin4u.co.il/news/modiin-news-140/,/news/modiin-news-140/,news,articles,2adda534-25bf-4c99-b9f2-4b20fff7d81e,"מודיעין מצדיעה לגיבור: רחוב בעיר על שמו של רנ""ג רומן גנדל ז""ל",/news/modiin-news-140/,same address
https://www.modiin4u.co.il/news/modiin-news-141/,/news/modiin-news-141/,news,articles,74e333ac-1231-4969-9734-94ddb438f344,מודיעין הופכת לבירת הספרים! חודש הקריאה נפתח בחגיגה מטורפת – כל הפרטים בפנים!,/news/modiin-news-141/,same address
https://www.modiin4u.co.il/news/modiin-news-142/,/news/modiin-news-142/,news,articles,56f6fcdf-3d4d-4e6e-8689-4751337d0418,"היסטוריה במודיעין: אלו חתני חידון התנ""ך העירוני שריגשו את כולם!",/news/modiin-news-142/,same address
https://www.modiin4u.co.il/news/modiin-news-143/,/news/modiin-news-143/,news,articles,93e53a96-ff1f-41c8-b080-8e070215e3b7,דרמה במודיעין: מי ישלוט במיליונים?המכרז שיקבע את עתיד עירוני מודיעין,/news/modiin-news-143/,same address
https://www.modiin4u.co.il/news/modiin-news-144/,/news/modiin-news-144/,news,articles,c18e7884-d4c7-4884-a70a-464f912baddc,"חדר הכושר החדש בעירוני ב' ייקרא על שמו של שגב שושן ז""ל, שנרצח בנובה",/news/modiin-news-144/,same address
https://www.modiin4u.co.il/news/modiin-news-145/,/news/modiin-news-145/,news,articles,7da1a4f5-0b8e-42fa-9e68-8bf4840d3b26,"ביה""ס ""יוזמה"" ו""עידנים"" אלופי מודיעין בכדורסל",/news/modiin-news-145/,same address
https://www.modiin4u.co.il/news/modiin-news-147/,/news/modiin-news-147/,news,articles,a4dfff5d-8964-462f-bbf4-e70b7ebe5df4,"התרומה המרגשת שמנציחה את סמל ים גלס ז""ל",/news/modiin-news-147/,same address
https://www.modiin4u.co.il/news/modiin-news-148/,/news/modiin-news-148/,news,articles,111add71-4fd7-466b-a9d2-9dbb24f347df,כזה דבר עוד לא ראיתם: הירקן ממודיעין הפתיע את כולם,/news/modiin-news-148/,same address
https://www.modiin4u.co.il/news/modiin-news-149/,/news/modiin-news-149/,news,articles,f32105f7-cf7f-487c-be78-8875f940dc61,"מודיעין: תינוק ננעל בשגגה ברכב, מתנדבי ידידים חילצו אותו בשלום",/news/modiin-news-149/,same address
https://www.modiin4u.co.il/news/mitzpe-natan/,/news/mitzpe-natan/,news,articles,0612f1c2-3464-48fd-bd8b-04e5a9d07528,מצפה נתן – נקודת התצפית המרהיבה של מודיעין,/news/mitzpe-natan/,same address
https://www.modiin4u.co.il/news/modiin-news-39/,/news/modiin-news-39/,news,articles,ece3d737-c9c7-4311-b62b-a29656832980,שכונת המעיינות מודיעין: השכונה שמבטיחה מהפכה במודיעין,/news/modiin-news-39/,same address
https://www.modiin4u.co.il/news/modiin-news-150/,/news/modiin-news-150/,news,articles,7c15b5d2-bd88-4da6-ba01-da311baa977f,אירוע ברחוב מנחם בגין: בת 50 נפצעה,/news/modiin-news-150/,same address
https://www.modiin4u.co.il/news/modiin-news-151/,/news/modiin-news-151/,news,articles,6711df94-22f5-4652-bafd-0286bdade7d4,תינוק וכלב ננעלו בשגגה ברכב: מתנדבי ידידים חילצו אותם בשלום,/news/modiin-news-151/,same address
https://www.modiin4u.co.il/news/modiin-news-152/,/news/modiin-news-152/,news,articles,80e73e31-7296-4517-9a44-fcb4b21c371a,טרגדיה במודיעין: 2 הרוגים בשריפה קטלנית בדירה בעמק בית שאן,/news/modiin-news-152/,same address
https://www.modiin4u.co.il/news/modiin-news-146/,/news/modiin-news-146/,news,articles,150f10b3-010b-4f85-9ffa-7d2faa5641c8,"בשורת קפה במודיעין: ""נונו מימי"" פותח סניף ענק ומושקע",/news/modiin-news-146/,same address
https://www.modiin4u.co.il/news/modiin-news-153/,/news/modiin-news-153/,news,articles,7eb86bd0-dc85-4e80-a7c9-0d6385540969,"היכונו לבוזוקי: ""ג'פטו בר מודיעין"" משיק חודש יווני מטורף",/news/modiin-news-153/,same address
https://www.modiin4u.co.il/news/modiin-news-154/,/news/modiin-news-154/,news,articles,b942455a-f078-4cfe-be83-7242d443ba17,שכונת מורשת חוגגת: נחנכה השדרה המרכזית החדשה,/news/modiin-news-154/,same address
https://www.modiin4u.co.il/news/modiin-news-155/,/news/modiin-news-155/,news,articles,f32edc5f-84e1-4649-9ed5-ba0df4cd6c5a,"החיבוק האחרון: כך הנציחה מודיעין את אורי יעיש ז""ל",/news/modiin-news-155/,same address
https://www.modiin4u.co.il/news/modiin-news-156/,/news/modiin-news-156/,news,articles,3568ed5d-c7bc-4679-b9a8-4803dad1e35d,"מודיעין צובעת את יוני בצבעי הגאווה: כוכב ""הישרדות"" ושבוע של אירועים",/news/modiin-news-156/,same address
https://www.modiin4u.co.il/news/modiin-news-157/,/news/modiin-news-157/,news,articles,4ed42b8c-795b-4ec8-a6bc-6cf679dc4e49,שוטרי משטרת מודיעין פענחו שוד מזויין של אופנוע חשמלי ביער בן שמן,/news/modiin-news-157/,same address
https://www.modiin4u.co.il/news/modiin-news-158/,/news/modiin-news-158/,news,articles,ec6c7cf8-572b-4796-882d-c52e79e4f6c8,"הגיבורים בכתום: הצצה נדירה ל""איחוד הצלה מודיעין""",/news/modiin-news-158/,same address
https://www.modiin4u.co.il/news/givat-sher/,/news/givat-sher/,news,articles,21bcae85-0aa6-4f9c-b93f-4421bc5af566,גבעת שר – תצפית ומסלול הליכה משפחתי,/news/givat-sher/,same address
https://www.modiin4u.co.il/news/southern-hills-trail/,/news/southern-hills-trail/,news,articles,dc691e57-47b6-4ca2-94c2-4a69f1071857,שביל הגבעות הדרומיות – טיול קסום בטבע ליד מודיעין,/news/southern-hills-trail/,same address
https://www.modiin4u.co.il/news/modiin-news-159/,/news/modiin-news-159/,news,articles,8a559b15-e592-4056-9100-8f62ef90812a,431:תאונת דרכים קשה,/news/modiin-news-159/,same address
https://www.modiin4u.co.il/news/modiin-news-160/,/news/modiin-news-160/,news,articles,36797a4c-e4b7-4d8e-906c-7b999c5875be,מהפכת המיחזור במורשת: 100 פחים כתומים בדרך!,/news/modiin-news-160/,same address
https://www.modiin4u.co.il/news/modiin-news-161/,/news/modiin-news-161/,news,articles,ebd7cc65-e9da-49d9-bebf-b66637b74ae3,העיר בידיים שלהם: צעירי מודיעין השתלטו על העירייה – וזה מה שהם מתכננים לעשות!,/news/modiin-news-161/,same address
https://www.modiin4u.co.il/news/modiin-news-163/,/news/modiin-news-163/,news,articles,03b4694c-d7ca-4855-b9e3-ca247364317c,גבעת ברפיליה משנה את פניה: זה מה שמחכה לכם בקרוב!,/news/modiin-news-163/,same address
https://www.modiin4u.co.il/news/modiin-news-164/,/news/modiin-news-164/,news,articles,671cb5cb-f402-47f8-85ed-244d3c0155ed,"הקיץ במודיעין משתדרג: הצללות, דשא ומתקנים חדשים",/news/modiin-news-164/,same address
https://www.modiin4u.co.il/news/modiin-news-165/,/news/modiin-news-165/,news,articles,07c26628-ee0c-4f1b-b016-37e17d0729c7,הסוף לגרפיטי: תושבת מודיעין נתפסה מרססת – ותשלם ביוקר,/news/modiin-news-165/,same address
https://www.modiin4u.co.il/news/modiin-news-166/,/news/modiin-news-166/,news,articles,e0a006a3-3ac4-45c5-9fd8-31483b8e0c1b,מודיעין מצדיעה לגיבור: תלמיד אמית בנים הפך למלאך של נתינה,/news/modiin-news-166/,same address
https://www.modiin4u.co.il/news/modiin-news-167/,/news/modiin-news-167/,news,articles,54b97805-f0d5-430d-a482-ded45e7c8660,"מודיעין מתבצרת: ""קיר ברזל"" טכנולוגי נגד חדירות – זה מה שביבס בונה על קו התפר!",/news/modiin-news-167/,same address
https://www.modiin4u.co.il/news/modiin-news-162/,/news/modiin-news-162/,news,articles,be1bff79-131b-4b21-b4e4-d4dc4a24faf1,"מודיעין מצדיעה לגיבור: איתמר שמן ז""ל, הפרמדיק הקרבי שהציל חיים ונפל בחאן יונס",/news/modiin-news-162/,same address
https://www.modiin4u.co.il/news/modiin-news-168/,/news/modiin-news-168/,news,articles,3bbffd66-2805-4963-af48-14cfcab0e33e,תאונה חזיתית בין שני כלי רכב: בצומת יצחק רבין ושדרות החשמונאים.,/news/modiin-news-168/,same address
https://www.modiin4u.co.il/news/modiin-news-169/,/news/modiin-news-169/,news,articles,72906587-9180-4b05-94ba-eeb34c4e847e,תאונת דרכים קשה בכליל החורש,/news/modiin-news-169/,same address
https://www.modiin4u.co.il/news/modiin-news-170/,/news/modiin-news-170/,news,articles,61d752d1-111d-4632-a10c-83f706226954,עדכון תחבורה: קווי תחבורה ציבורית פעילים במודיעין מכבים-רעות בשעת חירום,/news/modiin-news-170/,same address
https://www.modiin4u.co.il/news/coming-soon/,/news/coming-soon/,news,articles,f74d0145-c41d-4eec-9a4a-50936111df3f,"רחל בשדרה מגיעה למע""ר מודיעין!",/news/coming-soon/,same address
https://www.modiin4u.co.il/news/modiin-news-171/,/news/modiin-news-171/,news,articles,4176f69f-bca5-42b8-b66c-09d0d9e5e4ee,יחידת החילוץ של מודיעין התאמנה על קריסת מבנים – רגע לפני המלחמה,/news/modiin-news-171/,same address
https://www.modiin4u.co.il/news/modiin-news-172/,/news/modiin-news-172/,news,articles,1b4fc896-f2c9-456a-a265-ac25cdb13e51,מלחמת איראן: מודיעין מתגייסת,/news/modiin-news-172/,same address
https://www.modiin4u.co.il/news/safeera-modiin/,/news/safeera-modiin/,news,articles,9ac46271-d9fe-4999-95db-7506bde3de3b,מודיעין: איפה המרחב המוגן שלכם? המדריך המלא,/news/safeera-modiin/,same address
https://www.modiin4u.co.il/news/modiin-news-173/,/news/modiin-news-173/,news,articles,3ca430f7-93d8-49c7-b3fb-21293a6baa4c,מודיעין: הרווחה מתגייסת לחירום – כל מה שחשוב לדעת!,/news/modiin-news-173/,same address
https://www.modiin4u.co.il/news/modiin-news-174/,/news/modiin-news-174/,news,articles,ff789dcc-dbbe-4081-bf13-373fe84d24cf,מרגש במודיעין: העיר מחבקת 85 קשישים מפונים מתל אביב,/news/modiin-news-174/,same address
https://www.modiin4u.co.il/news/moreshet-vs-avneuhen/,/news/moreshet-vs-avneuhen/,news,articles,b34d0690-65a4-422c-a453-63c75743cca0,מורשת מול אבני חן – השוואת שכונות מערב מודיעין,/news/moreshet-vs-avneuhen/,same address
https://www.modiin4u.co.il/news/modiin-news-175/,/news/modiin-news-175/,news,articles,2419d002-407c-4ede-8b4b-91f69a6de7c1,בשורה לחינוך במודיעין: אלו הם מנהלי בתי הספר החדשים שיכנסו לתפקידם!,/news/modiin-news-175/,same address
https://www.modiin4u.co.il/news/modiin-news-176/,/news/modiin-news-176/,news,articles,a88eb8b5-9e82-40e1-a968-b7460198be63,בשורה ענקית למורשת: חניון ציבורי חדש בדרך,/news/modiin-news-176/,same address
https://www.modiin4u.co.il/news/modiin-news-177/,/news/modiin-news-177/,news,articles,0eb089c8-3490-4be0-9a1d-f2be685253c9,קיץ מודיעיני:עשרות אירועים חינם מחכים לכם,/news/modiin-news-177/,same address
https://www.modiin4u.co.il/news/modiin-news-178/,/news/modiin-news-178/,news,articles,39affc00-6b54-4330-9794-5a89b3a60788,בשורה לבני הנוער: מתחם הבילוי הלילי הקיצי חוזר ובגדול,/news/modiin-news-178/,same address
https://www.modiin4u.co.il/news/modiin-news-179/,/news/modiin-news-179/,news,articles,2046a727-4820-4dbc-8eb9-d473d6d35e24,"חופש גדול במודיעין: 15,000 תלמידים יצאו לחופשה",/news/modiin-news-179/,same address
https://www.modiin4u.co.il/news/modiin-news-180/,/news/modiin-news-180/,news,articles,37c1c6d7-af25-44d2-ac3a-d6ba6ab26750,"מודיעין: פעוטה ננעלה בשגגה ברכב, מתנדבי ידידים חילצו אותה בשלום • ״תמיד אפשר לסמוך על ידידים״",/news/modiin-news-180/,same address
https://www.modiin4u.co.il/news/modiin-news-181/,/news/modiin-news-181/,news,articles,7984c270-91d6-427b-a671-6e8cdae813b0,בשורה חינוכית: מנהלות חדשות בתיכון מו״ר ועירוני א׳,/news/modiin-news-181/,same address
https://www.modiin4u.co.il/news/modiin-news-182/,/news/modiin-news-182/,news,articles,6293c89d-076d-49a9-8a4c-a3cf7594bcf5,שנת לימודים חדשה במודיעין: כל מה שצריך לדעת על השינויים והחידושים במערכת החינוך,/news/modiin-news-182/,same address
https://www.modiin4u.co.il/news/modiin-news-183/,/news/modiin-news-183/,news,articles,35dd7004-7260-491a-9338-0179c6b431a6,מרגש במודיעין: מנגינת הסיום של הקונסרבטוריון שהותירה טעם של עוד,/news/modiin-news-183/,same address
https://www.modiin4u.co.il/news/modiin-news-184/,/news/modiin-news-184/,news,articles,9da215ef-e3f9-4c76-8bdd-6f0fbc16d255,"קפה בסטייל: 5 בתי הקפה הכי שווים במע""ר מודיעין לקיץ הקרוב",/news/modiin-news-184/,same address
https://www.modiin4u.co.il/news/modiin-news-185/,/news/modiin-news-185/,news,articles,f04d4b68-0a86-4e27-bfe0-bb550e8cbaad,בשורה להורים: שיפוצי ענק בבתי הספר והגנים,/news/modiin-news-185/,same address
https://www.modiin4u.co.il/news/modiin-news-186/,/news/modiin-news-186/,news,articles,346e8531-8b12-4bee-8fd4-4c2fc14be216,"קיץ בטוח לנוער במודיעין: ""אחים גדולים"" ברחובות דואגים לכולם",/news/modiin-news-186/,same address
https://www.modiin4u.co.il/news/modiin-news-187/,/news/modiin-news-187/,news,articles,86edb6b5-f05e-4448-b2e2-eb25c4e4cc4a,"מאות בני נוער חגגו: ""מתחם שישי"" במע""ר מודיעין נפתח בהצלחה",/news/modiin-news-187/,same address
https://www.modiin4u.co.il/news/modiin-news-188/,/news/modiin-news-188/,news,articles,d907636a-aff3-4667-805e-3ccfe877b62d,קיץ מודיעיני בשיאו: אלפים נהרו למופע אבבא בפארק ענבה וזו רק ההתחלה,/news/modiin-news-188/,same address
https://www.modiin4u.co.il/news/modiin-news-189/,/news/modiin-news-189/,news,articles,b779fe8d-7e18-45df-86c3-c7ff1a5a6eef,בשורה ענקית להורים: כללית חנכה מכון התפתחות ילד חדש ומתקדם במודיעין,/news/modiin-news-189/,same address
https://www.modiin4u.co.il/news/modiin-news-190/,/news/modiin-news-190/,news,articles,d848d103-929f-4418-85c1-59e909dc01be,"העיר חונכת משעול לזכרו של סמל יהב מעיין ז""ל",/news/modiin-news-190/,same address
https://www.modiin4u.co.il/news/modiin-news-191/,/news/modiin-news-191/,news,articles,0f07d6d3-061e-4162-9fe5-026ef433d70a,"תאומים זהים, לב אחד: הרגע המרגש באליפות הג'ודו שכבש את מודיעין",/news/modiin-news-191/,same address
https://www.modiin4u.co.il/news/moreshet-prices/,/news/moreshet-prices/,news,articles,0cf79434-a99c-4f6e-b989-df758fd5ee64,"מצב שוק הדיור בשכונת מורשת, מודיעין.",/news/moreshet-prices/,same address
https://www.modiin4u.co.il/news/modiin-news-192/,/news/modiin-news-192/,news,articles,e084bbb6-7a41-4aa2-81c9-f1dfeab77e16,"השקת תוכנית המנטורינג לעסקים ""קרן שמש"" יוצאת לדרך במודיעין",/news/modiin-news-192/,same address
https://www.modiin4u.co.il/news/modiin-news-193/,/news/modiin-news-193/,news,articles,37893ae2-be25-42b9-8c82-d0c8daa7c92f,העיר מודיעין דורשת: האם אוניברסיטה היא הפתרון לעתיד הצעירים?,/news/modiin-news-193/,same address
https://www.modiin4u.co.il/news/modiin-news-194/,/news/modiin-news-194/,news,articles,251e566e-5380-4412-8b2c-9b13a1b3de45,"זעזוע במודיעין: מקרה מזעזע בגן ילדים – חשד לפריצה, שימוש בעל אופי מיני ופגיעה ברכוש",/news/modiin-news-194/,same address
https://www.modiin4u.co.il/news/modiin-news-195/,/news/modiin-news-195/,news,articles,e3e05fe1-da99-4ccb-815d-ace57e0404e6,"תקווה ושייכות: הצצה מרגשת אל תוכנית ""קידום נוער"" במודיעין",/news/modiin-news-195/,same address
https://www.modiin4u.co.il/news/modiin-news-196/,/news/modiin-news-196/,news,articles,a99c50f8-2d8d-412c-a1e3-fa15034d0466,בשורה להורים מיוחדים במודיעין: סדרת הרצאות הורות חינמיות,/news/modiin-news-196/,same address
https://www.modiin4u.co.il/news/modiin-news-197/,/news/modiin-news-197/,news,articles,ecc0315c-09e5-41aa-a6e8-29399bac531c,"העיר זוכרת לעד: משעול חדש בעמק האלה מנציח את סמל יהב מעיין ז""ל",/news/modiin-news-197/,same address
https://www.modiin4u.co.il/news/modiin-news-198/,/news/modiin-news-198/,news,articles,a9ab8c22-f9ad-4657-9c7a-452b15dc8d93,חגיגה במודיעין: סגיב כהן ואביבה אבידן במופע מחווה לזמר המזרחי הקלאסי!,/news/modiin-news-198/,same address
https://www.modiin4u.co.il/news/modiin-news-199/,/news/modiin-news-199/,news,articles,421289e3-8574-445e-88b7-825707f3a68e,מודיעין משנה את מפת היזמות בעיר: מאיץ חדש יקים עסקים חברתיים בבעלות קהילתית!,/news/modiin-news-199/,same address
https://www.modiin4u.co.il/news/givat-barfilia/,/news/givat-barfilia/,news,articles,ea67aef1-deae-444b-ae36-4fd100129db3,גבעת ברפיליה – אתר היסטורי ונוף מרהיב,/news/givat-barfilia/,same address
https://www.modiin4u.co.il/news/modiin-news-200/,/news/modiin-news-200/,news,articles,b41cb3e0-3649-4649-bfd7-7864323f7c22,סערת חניה במודיעין: דוחות באפור במורשת,/news/modiin-news-200/,same address
https://www.modiin4u.co.il/news/givat-habroshim/,/news/givat-habroshim/,news,articles,c2eaf218-eeb1-4bed-8feb-11f7ab55d2de,גבעת הברושים – פינת חמד ירוקה במודיעין,/news/givat-habroshim/,same address
https://www.modiin4u.co.il/news/anabe-park-modiin/,/news/anabe-park-modiin/,news,articles,1c0efc2e-72fe-4da0-ac91-1fb7f2782535,פארק ענבה: ליבו הירוק של מודיעין – כל מה שצריך לדעת על הפארק,/news/anabe-park-modiin/,same address
https://www.modiin4u.co.il/news/modiin-news-201/,/news/modiin-news-201/,news,articles,8a8a2727-f817-43cc-a387-c99b54476678,"מחלון הראווה הירושלמי לבתים במודיעין: שיאל פותח את ""שיאליס וילונות ועיצוב הבית""",/news/modiin-news-201/,same address
https://www.modiin4u.co.il/news/modiin-news-202/,/news/modiin-news-202/,news,articles,3d4660c2-0889-4ebc-a15d-2e6dc677ca9b,מהפכת המחזור במודיעין: עמדות חדשניות הגיעו לעיר,/news/modiin-news-202/,same address
https://www.modiin4u.co.il/news/modiin-news-203/,/news/modiin-news-203/,news,articles,1dc0417b-5bad-4ba0-9b21-20334ae145c9,"מרגש בכותל: בני המצווה של מודיעין במסע מרגש של שורשים והתנדבות בפרויקט ""שחק בני מצווה""",/news/modiin-news-203/,same address
https://www.modiin4u.co.il/news/modiin-news-204/,/news/modiin-news-204/,news,articles,eee74fd0-1ec6-4d65-8c33-43ced0267c53,מודיעין ירוקה מתמיד: הפנינג סביבה וקיימות ענק יחתום שבוע גדוש בחוויות לכל המשפחה!,/news/modiin-news-204/,same address
https://www.modiin4u.co.il/news/modiin-news-205/,/news/modiin-news-205/,news,articles,e5534feb-ba2f-4d28-955b-2cb1aedad877,"נוסטלגיה במודיעין: תושבים נזכרים ב""פעם"", והעיר צוחקת ומתרגשת!",/news/modiin-news-205/,same address
https://www.modiin4u.co.il/news/modiin-news-206/,/news/modiin-news-206/,news,articles,252b02af-237e-4519-b316-c3ced22ebc54,בריכות שחייה פרטיות על גגות הדירות? תוכנית הבנייה במתחם בזק בדרך לאישור,/news/modiin-news-206/,same address
https://www.modiin4u.co.il/news/modiin-news-207/,/news/modiin-news-207/,news,articles,b0ca852b-31e7-4788-907e-0ef66aa20af6,"מרגש עד דמעות: לזכרו של רס""ן דניאל פרץ ז""ל – אופנוע אמבולנס להצלת חיים הושק במודיעין",/news/modiin-news-207/,same address
https://www.modiin4u.co.il/news/modiin-news-208/,/news/modiin-news-208/,news,articles,fce4b011-34f5-483e-845b-4d369d378787,פארק חדש נחנך: ברחוב בנימין עם דק לאימוני יוגה,/news/modiin-news-208/,same address
https://www.modiin4u.co.il/news/modiin-news-209/,/news/modiin-news-209/,news,articles,43bfa77b-02dc-494b-9270-3969c7ebcdd9,היערכות מיוחדת בעמק החולה: העירייה תבצע גיזום דקלים – דיירים מתבקשים לפנות חניות,/news/modiin-news-209/,same address
https://www.modiin4u.co.il/news/modiin-news-210/,/news/modiin-news-210/,news,articles,5e2aa1c9-0565-4ee6-b9e6-40d64d82da89,"בשורה למורשת: בית ספר אמי""ת בנות, גני ילדים ומתחם חינוך מודרני נפתחים בשנת הלימודים הקרובה",/news/modiin-news-210/,same address
https://www.modiin4u.co.il/news/modiin-news-211/,/news/modiin-news-211/,news,articles,2fab32a6-3d2c-419b-8984-8ce41b5e2a6f,היכרות ראשונה: שתי מנהלות חדשות ינהיגו את בתי הספר קשת ואופק במודיעין,/news/modiin-news-211/,same address
https://www.modiin4u.co.il/news/modiin-news-212/,/news/modiin-news-212/,news,articles,68e908fb-0b91-4bc7-86d6-15fa7f83e813,בדרך למהפכה עירונית: תוכנית חדשה תשלב מגורים ובילוי בלב הפארק הטכנולוגי במודיעין,/news/modiin-news-212/,same address
https://www.modiin4u.co.il/news/modiin-news-213/,/news/modiin-news-213/,news,articles,72cb2369-e3c2-4e40-ae0f-71130b1636f8,מודיעין נותרה בחוץ: היכן נעלמה העיר מהגרלת דירה בהנחה האחרונה?,/news/modiin-news-213/,same address
https://www.modiin4u.co.il/news/modiin-news-214/,/news/modiin-news-214/,news,articles,660b88ef-f826-48fc-98d1-a501c73dbcff,סוף סוף: הסתיימו עבודות השדרוג בכביש עמק דותן צפון,/news/modiin-news-214/,same address
https://www.modiin4u.co.il/news/modiin-news-215/,/news/modiin-news-215/,news,articles,053d8d45-96c8-413a-8c42-ea2700b17d65,השמיים הם הגבול: עשרות משפחות גילו את עולם הטיפוס ב-The Wall Modiin,/news/modiin-news-215/,same address
https://www.modiin4u.co.il/news/modiin-news-216/,/news/modiin-news-216/,news,articles,5b6bc0b8-6d99-4df4-8b24-6284e3b6f54a,"""לא ירתיעו אותי"": תקרית אלימה במסעדה במודיעין מעוררת סערה",/news/modiin-news-216/,same address
https://www.modiin4u.co.il/news/modiin-news-217/,/news/modiin-news-217/,news,articles,5fb300c6-e7d2-4e8b-bcd1-85dc85e9465b,"גרסת הנערים נחשפת: סערה חדשה סביב האירוע במסעדה במרל""ז",/news/modiin-news-217/,same address
https://www.modiin4u.co.il/news/modiin-news-218/,/news/modiin-news-218/,news,articles,f5301d8c-9ff5-44a4-8426-b56408283de0,מקווה בשכונת מורשת: פוסט תמים חושף אתגרים חברתיים בעיר מתפתחת,/news/modiin-news-218/,same address
https://www.modiin4u.co.il/news/el-habs/,/news/el-habs/,news,articles,7ff5e70e-a7e5-482d-8e42-e28bc16d85dc,בקעת הנזירים – מסתורי העבר באזור מודיעין,/news/el-habs/,same address
https://www.modiin4u.co.il/news/modiin-news-219/,/news/modiin-news-219/,news,articles,3ab955c0-dd23-49be-9244-6a39a5725083,מרענן בלב השכונה: אלמנט מים חדש נפתח במורשת ומציע מפלט מהחום,/news/modiin-news-219/,same address
https://www.modiin4u.co.il/news/modiin-news-220/,/news/modiin-news-220/,news,articles,3f47eb64-8b0d-4680-8d98-a3dbdb9d3f9c,נלחמים בפסולת: משאיות תועדו משליכות בטון ופסולת בניין במקומות אסורים במודיעין,/news/modiin-news-220/,same address
https://www.modiin4u.co.il/news/modiin-news-221/,/news/modiin-news-221/,news,articles,a2499345-6c09-4202-99c0-aeb094052ab8,צעד נוסף בביטחון העיר: סיירת אופנועים חדשה במודיעין תגיב במהירות לאירועי חירום,/news/modiin-news-221/,same address
https://www.modiin4u.co.il/news/modiin-news-222/,/news/modiin-news-222/,news,articles,60ff5d89-b5e0-4227-b074-76fd9fe06101,מהפכת חניה במודיעין: החל מהיום חניון הרכבת בחינם לנוסעים בלבד,/news/modiin-news-222/,same address
https://www.modiin4u.co.il/news/modiin-news-223/,/news/modiin-news-223/,news,articles,f6aa77c3-cd89-4b1b-a397-a08e3cd19653,"בטיחות לפני הכל: כל הסימונים צבועים, האם הנהגים מוכנים לשנת הלימודים?",/news/modiin-news-223/,same address
https://www.modiin4u.co.il/news/modiin-news-224/,/news/modiin-news-224/,news,articles,1d862608-79a7-458b-8b26-06f0b3b6398f,לא רק מול המסך: סיירת ההתנדבות של מודיעין מסכמת קיץ מלא נתינה,/news/modiin-news-224/,same address
https://www.modiin4u.co.il/news/modiin-news-225/,/news/modiin-news-225/,news,articles,e7b99f99-3e1f-4739-a576-e95cfb6b06bb,תכירו את לירון טל – המנהלת החדשה של בית הספר האלה,/news/modiin-news-225/,same address
https://www.modiin4u.co.il/news/modiin-news-226/,/news/modiin-news-226/,news,articles,2c179fc2-5d87-40dd-b172-7dc761650a46,"זה עבד! נציגות הציבור מגיבה לפוסט שהסעיר את הרשת: ""היה צדק בדבריכם""",/news/modiin-news-226/,same address
https://www.modiin4u.co.il/news/modiin-news-227/,/news/modiin-news-227/,news,articles,ee665524-645b-4cb8-9797-e4996387dc56,לא תאמינו מי הגיע למודיעין! המסיבה הסודית של כוכב ערוץ 14 שנחשפה בפטריקס,/news/modiin-news-227/,same address
https://www.modiin4u.co.il/news/modiin-news-228/,/news/modiin-news-228/,news,articles,8f5a69c1-3bba-4596-8d26-fca9d45ffb75,פקקים וסיוט תחבורתי? כל הפרטים על השינויים בכביש עמק איילון צפון שאתם חייבים להכיר!,/news/modiin-news-228/,same address
https://www.modiin4u.co.il/news/modiin-news-229/,/news/modiin-news-229/,news,articles,bf031e5a-1796-432b-8006-633152492101,מהפך באבני חן: כביש ראשי חוזר להיות דו-סטרי. מי מרוויח ומי יפסיד?,/news/modiin-news-229/,same address
https://www.modiin4u.co.il/news/modiin-news-230/,/news/modiin-news-230/,news,articles,ba4d780a-b274-4836-9a9d-90075cc021dd,זהבה בן ואביב גפן שרפו את הבמה: כך נראה סיום הקיץ בפארק ענבה!,/news/modiin-news-230/,same address
https://www.modiin4u.co.il/news/modiin-news-231/,/news/modiin-news-231/,news,articles,423ff05b-a0eb-4542-bdbc-88df1de4467f,"27,005 סיבות לחייך: המספרים המדהימים שמאחורי שנת הלימודים החדשה במודיעין!",/news/modiin-news-231/,same address
https://www.modiin4u.co.il/news/modiin-news-232/,/news/modiin-news-232/,news,articles,6b1a6c81-01aa-4bf4-a292-bf9ce4632374,מפת החינוך המלאה של מודיעין נחשפת: הכירו את בתי הספר שמעצבים את דור העתיד,/news/modiin-news-232/,same address
https://www.modiin4u.co.il/news/modiin-news-233/,/news/modiin-news-233/,news,articles,8e5e242a-6576-4868-9311-d5e0cfc2d25e,בשורה להורים במודיעין: שנת הלימודים נפתחת עם מקומות פנויים בגנים ובמעונות,/news/modiin-news-233/,same address
https://www.modiin4u.co.il/news/modiin-news-234/,/news/modiin-news-234/,news,articles,3ef25d07-330f-495e-8947-b63c5ca0460e,אירוע מטריד בשכונת מורשת: עדויות על פנייה חשודה של עובד רשת המבורגרים לילדות צעירות,/news/modiin-news-234/,same address
https://www.modiin4u.co.il/news/modiin-news-235/,/news/modiin-news-235/,news,articles,d751375b-1589-44d8-bd08-809f838343c9,"""הסוחר של בית הספר"": תלמיד תיכון ממודיעין סחר בחשיש באמצעות ""עוגיות"" – והוגש נגדו כתב אישום חמור",/news/modiin-news-235/,same address
https://www.modiin4u.co.il/news/modiin-news-236/,/news/modiin-news-236/,news,articles,fc3cc2f2-7569-4f2b-bf9e-9d5fe6c0ec36,מהפכה בבתי הספר במודיעין: כך הולכים הילדים שלכם ללמוד באמצעות AI,/news/modiin-news-236/,same address
https://www.modiin4u.co.il/news/modiin-news-237/,/news/modiin-news-237/,news,articles,c8f83ff0-a59b-4c6f-a233-541a9bcb1fe1,"""השמיים הם הגבול"": העירייה וקק""ל מחפשות את הרעיון שיחזיר אתכם לטבע!",/news/modiin-news-237/,same address
https://www.modiin4u.co.il/news/modiin-news-238/,/news/modiin-news-238/,news,articles,3a0baa07-806d-4f3d-a0e2-254bec7652e6,יוזמה מרגשת במודיעין: ספסלים מיוחדים הוצבו ברחבי העיר – והם כאן כדי להקשיב לכם,/news/modiin-news-238/,same address
https://www.modiin4u.co.il/news/modiin-news-239/,/news/modiin-news-239/,news,articles,c7350ff3-d1b6-4d8e-b5dd-e95996d0cb0e,"""המסר ברור: קו אדום!"" – מקרי אלימות קשים בגן ילדים במודיעין הובילו להחלטה חסרת תקדים של ראש העיר",/news/modiin-news-239/,same address
https://www.modiin4u.co.il/news/modiin-news-240/,/news/modiin-news-240/,news,articles,b45a7aa3-7954-41fe-bcb4-55adb23986a8,"הגלידה שהפכה לכשרה: לג׳נדה מורשת תהיה כשרה החל ממוצ""ש ובעל המקום מגיב לסערה",/news/modiin-news-240/,same address
https://www.modiin4u.co.il/news/modiin-news-241/,/news/modiin-news-241/,news,articles,598487fe-6d3c-4b3b-b840-de29d69bb24e,נוף איילון: פעוטה ננעלה ברכב וחולצה בשלום על ידי מתנדב ידידים,/news/modiin-news-241/,same address
https://www.modiin4u.co.il/news/horbat-regev/,/news/horbat-regev/,news,articles,aeb40eca-d89c-4407-84e7-220b1839fc74,חורבת רגב – סיפורם של השרידים העתיקים במודיעין,/news/horbat-regev/,same address
https://www.modiin4u.co.il/news/givat-ashon-in-modiin/,/news/givat-ashon-in-modiin/,news,articles,1f3ca657-42bf-4577-b5d8-1d5616959777,גבעת אשון במודיעין – פארק ארכיאולוגי מיוחד לכל המשפחה,/news/givat-ashon-in-modiin/,same address
https://www.modiin4u.co.il/news/%d7%97%d7%95%d7%a8%d7%91%d7%aa-%d7%a0%d7%9b%d7%a1/,/news/חורבת-נכס/,news,articles,ffd774fb-2e68-4bf9-b1fd-f73caf58df60,חורבת נכס – אתר ארכיאולוגי מרתק ליד מודיעין,/news/חורבת-נכס/,same address
https://www.modiin4u.co.il/news/modiin-news-243/,/news/modiin-news-243/,news,articles,f3d78f35-8716-4edd-864c-dd902259155a,תשרי במודיעין: אירועי תקיעות שופר בכל שכונה ומופע זריחה קסום עם הזמרת נרקיס!,/news/modiin-news-243/,same address
https://www.modiin4u.co.il/news/modiin-news-244/,/news/modiin-news-244/,news,articles,42f0b087-b3a9-44e0-b401-ef3db5951852,"""כמו משפחה"": האורח המיוחד שהפתיע באירוע של עולים מצרפת, והתמונה שריגשה את כולם",/news/modiin-news-244/,same address
https://www.modiin4u.co.il/news/modiin-news-245/,/news/modiin-news-245/,news,articles,fde6b19c-f080-4a65-8d79-9cc345bd15c0,הכנה לחיים האזרחיים: מאות חיילים עשו את הצעד הראשון בכנס משתחררים במודיעין,/news/modiin-news-245/,same address
https://www.modiin4u.co.il/news/modiin-news-246/,/news/modiin-news-246/,news,articles,b3467e89-6379-4d69-a74d-e83e841b97ef,מרגש: תלמידי אמית מודיעין שברו שגרה – והחזירו את התקווה לכיכר החטופים,/news/modiin-news-246/,same address
https://www.modiin4u.co.il/news/modiin-news-242/,/news/modiin-news-242/,news,articles,821cb443-424b-4c65-bc4d-9a7417231c97,"מהפכה צרכנית במודיעין: מועדון ""מודיז"" החדש ייחשף השבוע",/news/modiin-news-242/,same address
https://www.modiin4u.co.il/news/modiin-news-247/,/news/modiin-news-247/,news,articles,c8d2b201-9c93-4706-953d-ccfdb3b29292,זוכרים ומשחקים: אליפות מודיעין בסטריטבול 3X3 חוזרת ובגדול,/news/modiin-news-247/,same address
https://www.modiin4u.co.il/news/modiin-news-248/,/news/modiin-news-248/,news,articles,7cd0d359-a270-4bc8-935e-aabf3640351f,לא להחמיץ: הסיפור המרגש של מושיקו – ואיפה תוכלו לפגוש את מורשתו בכל פינה בעיר,/news/modiin-news-248/,same address
https://www.modiin4u.co.il/news/modiin-news-249/,/news/modiin-news-249/,news,articles,80d88183-0abe-4aa4-b17d-f11e13713a96,זה מה שקרה בכבישים הראשיים של מודיעין: ואיפה הפרויקט ממשיך עכשיו?,/news/modiin-news-249/,same address
https://www.modiin4u.co.il/news/modiin-news-250/,/news/modiin-news-250/,news,articles,2ae48efc-988b-4ffd-9e47-b69ab6f20d09,סוף לסיוט: 300 מקומות חניה חדשים יגיעו לפארק הטכנולוגי – מתי תוכלו להחנות?,/news/modiin-news-250/,same address
https://www.modiin4u.co.il/news/modiin-news-251/,/news/modiin-news-251/,news,articles,7c766bc8-03e6-4636-8d67-f998a2245708,"""נערים נתפסו 'על חם' במקלט ובסקייטפארק"": האכיפה הלילית שהכניסה את ההורים להלם במודיעין",/news/modiin-news-251/,same address
https://www.modiin4u.co.il/news/modiin-news-252/,/news/modiin-news-252/,news,articles,86b8d114-9e43-4dab-8d68-8a0571f253e6,"""טרור סביבתי"": ביבס זועם ודורש: ""להקים גוף ייעודי או שנגיע לכנסת!""",/news/modiin-news-252/,same address
https://www.modiin4u.co.il/news/modiin-news-253/,/news/modiin-news-253/,news,articles,8eff5b8e-e88e-4a14-9848-31a3122789d7,חשיפה מיוחדת: הסוד השמור של שפים ממודיעין נחשף!,/news/modiin-news-253/,same address
https://www.modiin4u.co.il/news/modiin-news-254/,/news/modiin-news-254/,news,articles,3b465d75-e570-4535-a66c-556cd36da8ca,נחשף: זה המרכז שישנה את פני מודיעין – ואף אחד לא ציפה למראה הזה!,/news/modiin-news-254/,same address
https://www.modiin4u.co.il/news/modiin-news-255/,/news/modiin-news-255/,news,articles,28440946-fc59-4027-9dcf-f50b1060e999,העיר סוערת: איזו מסעדה היא באמת ה-אחת של מודיעין? הדיון הלוהט נחשף!,/news/modiin-news-255/,same address
https://www.modiin4u.co.il/news/modiin-news-256/,/news/modiin-news-256/,news,articles,1f904def-8f7a-44fb-a23a-aa6f2be4a6c5,יוזמה מקומית ממודיעין עושה היסטוריה ועולה לכאן 11,/news/modiin-news-256/,same address
https://www.modiin4u.co.il/news/modiin-news-257/,/news/modiin-news-257/,news,articles,b31d5322-8dff-42c6-8bc6-ac2f65d4d98d,כל הפרטים על טקס הזיכרון העירוני שמתקיים הערב במודיעין,/news/modiin-news-257/,same address
https://www.modiin4u.co.il/news/modiin-news-258/,/news/modiin-news-258/,news,articles,bf82a6c5-b2c0-40b8-8a38-40f8c28fe018,"""הייתה בפיג'מה, נלחמה בידיים"": תלמידי אמית בנים נחשפים לסיפור הגבורה הבלתי נתפס של הקצינה עדן נמרי ז""ל",/news/modiin-news-258/,same address
https://www.modiin4u.co.il/news/modiin-news-259/,/news/modiin-news-259/,news,articles,e878d19f-db0e-4b08-8b68-d3c5790b6604,בדרך למיליונים: מודעין מאיצה את השתלבות הצעירים בהייטק,/news/modiin-news-259/,same address
https://www.modiin4u.co.il/news/modiin-news-260/,/news/modiin-news-260/,news,articles,e0040218-eb29-4ed5-8dae-de69030f1dd9,כאלף תושבים באו להזדהות: טקס הזיכרון העירוני של מודיעין ריגש את המדינה,/news/modiin-news-260/,same address
https://www.modiin4u.co.il/news/modiin-news-261/,/news/modiin-news-261/,news,articles,fa24a111-615c-4057-89d1-53018464f2d8,הכוח של הקהילה: מודיעין מובילה מהפכה – הכנס הגדול לבריאות הנפש שישנה את החוסן העירוני!,/news/modiin-news-261/,same address
https://www.modiin4u.co.il/news/jungle-park-modiin/,/news/jungle-park-modiin/,news,articles,ffaf081a-d88b-4c56-a372-055d936e46c1,ג'ונגל פארק מודיעין – עולם של הרפתקאות וכיף לילדים,/news/jungle-park-modiin/,same address
https://www.modiin4u.co.il/news/einav-park/,/news/einav-park/,news,articles,bc707b14-78c9-4f32-a2e4-6ef3dd100764,פארק עינב – פנינת טבע ירוקה בלב מודיעין,/news/einav-park/,same address
https://www.modiin4u.co.il/news/modiin-news-263/,/news/modiin-news-263/,news,articles,4993fe8d-2fe4-47ef-80c6-023ee5111bd8,זהירות: ההכנסה הנוספת מחכה בבית! כך הפכו תושבי מודיעין לכוכבי תיירות ארציים,/news/modiin-news-263/,same address
https://www.modiin4u.co.il/news/modiin-news-264/,/news/modiin-news-264/,news,articles,fed2ca9c-9d10-4a88-9291-1784ce2e8350,מהפך טכנולוגי במודיעין: קורס AI פורץ דרך בשיתוף אוניברסיטת בן גוריון,/news/modiin-news-264/,same address
https://www.modiin4u.co.il/news/modiin-news-265/,/news/modiin-news-265/,news,articles,ccd34c57-9eaf-4d77-808f-85a9c7154208,שימו לב: הריאה הירוקה הגדולה של מודיעין נסגרת! זה מה שיקרה בפארק ענבה ומהם המועדים המדויקים,/news/modiin-news-265/,same address
https://www.modiin4u.co.il/news/modiin-news-262/,/news/modiin-news-262/,news,articles,6bb0c3e8-4d58-4e41-af79-f33296b4a1c0,סוף סוף: השיפוץ שהיה חייב לקרות בגבעת התיתורה,/news/modiin-news-262/,same address
https://www.modiin4u.co.il/news/modiin-news-266/,/news/modiin-news-266/,news,articles,78163299-221c-434d-812c-1ee6ccfdcb4d,המספרים המטורפים שמוכיחים – החינוך במודיעין הטוב בישראל!,/news/modiin-news-266/,same address
https://www.modiin4u.co.il/news/modiin-news-267/,/news/modiin-news-267/,news,articles,5c6c2ff0-2ce6-42fd-af68-98f1da3b0b00,"אושרה ""שכונת המעיינות"" – 3,575 דירות חדשות בדרך למודיעין!",/news/modiin-news-267/,same address
https://www.modiin4u.co.il/news/modiin-news-268/,/news/modiin-news-268/,news,articles,cf3e0288-6e57-4b61-b302-2ba053112dd8,זהו שמה החדש של קבוצת הכדורסל הבוגרת של מודיעין – והחזון: ליגת העל!,/news/modiin-news-268/,same address
https://www.modiin4u.co.il/news/modiin-news-269/,/news/modiin-news-269/,news,articles,345752f3-3702-45f3-99ea-6456959f3056,המקום בו בשר ושירות נפגשים: המסעדה האהובה במודיעין שחייבים להזמין בה מקום,/news/modiin-news-269/,same address
https://www.modiin4u.co.il/news/modiin-news-270/,/news/modiin-news-270/,news,articles,bf4960bd-c26a-4ff9-a31c-2b98a4ed3a3b,בשורה דרמטית לתושבי מודיעין: אושרה הרחבת הזכאות לרישיון נשק אישי,/news/modiin-news-270/,same address
https://www.modiin4u.co.il/news/modiin-news-271/,/news/modiin-news-271/,news,articles,184d437a-17c1-4db4-b87c-88f28a084309,"צפו בריקוד המרגש: תלמידות ממודיעין עשו את הדבר המדהים הזה לעולים חדשים בנתב""ג!",/news/modiin-news-271/,same address
https://www.modiin4u.co.il/news/modiin-news-272/,/news/modiin-news-272/,news,articles,f891cedb-ab2f-426d-825a-7ad68440f7e8,"זהירות, בדידות הורגת: יוזמה חדשה של מודיעין הופכת לשיחת היום הארצית – ויכולה להציל חיים!",/news/modiin-news-272/,same address
https://www.modiin4u.co.il/news/modiin-news-273/,/news/modiin-news-273/,news,articles,31c233cc-3b58-457f-8192-11270976b7ea,מהפך בגבעת התיתורה: השביל ההיסטורי שופץ – והוא נגיש עכשיו לכולם!,/news/modiin-news-273/,same address
https://www.modiin4u.co.il/news/modiin-news-274/,/news/modiin-news-274/,news,articles,d7d2ea44-c2a4-4530-b5ac-0fba28ea5aaf,המוח של מודיעין כובש את העולם! המורים מאזרבייג'ן הגיעו – ונשארו בהלם מהפיתוחים של תלמידי אורט ד',/news/modiin-news-274/,same address
https://www.modiin4u.co.il/news/modiin-news-275/,/news/modiin-news-275/,news,articles,d5df577e-79b4-46a8-99d1-6ad06c2519a8,"המהלך הדרמטי של מודיעין נגד ""טרור סביבתי"" – והבדיקה החשאית שהוצבה בעיר!",/news/modiin-news-275/,same address
https://www.modiin4u.co.il/news/modiin-news-276/,/news/modiin-news-276/,news,articles,1b9469a2-9238-45bb-b8da-332f831e8ece,זה רשמי: פסטיבל צלילי סתיו חוזר – וזו רשימת המופעים שאסור לכם לפספס!,/news/modiin-news-276/,same address
https://www.modiin4u.co.il/news/modiin-news-277/,/news/modiin-news-277/,news,articles,306793be-e6fc-400d-a97c-47737c5ac5c9,אחרי חודשים של ציפייה ג'ירף נחתה במודיעין! כל הפרטים על הסניף החדש,/news/modiin-news-277/,same address
https://www.modiin4u.co.il/news/modiin-news-278/,/news/modiin-news-278/,news,articles,96ebe064-34a4-4e7b-a0e3-6ed751eb4917,הגיע תורו של עמק איילון דרום: עיריית מודיעין מודיעה על סיום מוצלח,/news/modiin-news-278/,same address
https://www.modiin4u.co.il/news/modiin-news-279/,/news/modiin-news-279/,news,articles,2141725b-05f6-4519-b7e9-4883c65647ed,מודיעין מצדיעה לגיבור: זינק תחת אש להציל את חבריו ונאבק על חייו 417 ימים,/news/modiin-news-279/,same address
https://www.modiin4u.co.il/news/modiin-news-280/,/news/modiin-news-280/,news,articles,6850500d-b594-461a-ad57-38ef0f9769a0,מיליארד סיבות להישאר: תקציב שיא אושר במודיעין – ומה מחכה לנו בשנים הקרובות?,/news/modiin-news-280/,same address
https://www.modiin4u.co.il/news/reut-water-park/,/news/reut-water-park/,news,articles,d90f5024-6ed1-4c74-84c6-5dbcd092e604,פארק המים רעות,/news/reut-water-park/,same address
https://www.modiin4u.co.il/news/fish-park/,/news/fish-park/,news,articles,d21df763-8738-4901-aa22-73cfc1175782,פארק הדגים: אטרקציית טבע משפחתית במודיעין,/news/fish-park/,same address
https://www.modiin4u.co.il/news/modiin-news-281/,/news/modiin-news-281/,news,articles,640d0f66-7008-4ab5-a2a7-206b164b9187,"מהפכה דיגיטלית בכיס: תושבי מודיעין, תתכוננו לשלם ארנונה וחוגים בלחיצת כפתור",/news/modiin-news-281/,same address
https://www.modiin4u.co.il/news/modiin-news-282/,/news/modiin-news-282/,news,articles,a9239abb-698b-43a5-99a5-84aa72572668,הציל את חבריו תחת אש: הגיבור ממודיעין שהונצח ב״מעלה יונה״,/news/modiin-news-282/,same address
https://www.modiin4u.co.il/news/modiin-news-283/,/news/modiin-news-283/,news,articles,18da9d5c-ccf7-4235-be00-c0e291484a61,המהפך הירוק החל: עשרות מוסדות חינוך במודיעין משנים את הטבע העירוני,/news/modiin-news-283/,same address
https://www.modiin4u.co.il/news/modiin-news-284/,/news/modiin-news-284/,news,articles,980b51a1-b5d7-4371-bb08-78708d19a8bd,העיר שתמיד מתגייסת: 50 ארגוני התנדבות מחכים לכם,/news/modiin-news-284/,same address
https://www.modiin4u.co.il/news/modiin-news-285/,/news/modiin-news-285/,news,articles,f36cb678-53fe-40c8-ab32-c49b3323cfa3,המהפך השקט יוצא לדרך: העירייה מחליפה את התאורה בשכונות,/news/modiin-news-285/,same address
https://www.modiin4u.co.il/news/modiin-news-286/,/news/modiin-news-286/,news,articles,97302ce5-69f5-462c-876c-acc39d462ea9,בשורה קולינרית ענקית: רוזה מודיעין עוברת לכשרות המהודרת של הרב מחפוד,/news/modiin-news-286/,same address
https://www.modiin4u.co.il/news/modiin-news-287/,/news/modiin-news-287/,news,articles,9ba6300b-546b-49e8-a832-91bdfb15bc59,"מרגש: ""חיבוק לחורף"" – התלמידים וההורים של מודיעין נרתמו למבצע ענק למען משפחות נזקקות",/news/modiin-news-287/,same address
https://www.modiin4u.co.il/news/modiin-news-288/,/news/modiin-news-288/,news,articles,bb5a8f37-39da-43ca-b57c-5f1a18b1c57d,"גדוד יהודה במודיעין השלים אימון מפג""ד ראשון: כל הפרטים על המוכנות המבצעית",/news/modiin-news-288/,same address
https://www.modiin4u.co.il/news/modiin-news-289/,/news/modiin-news-289/,news,articles,e873c788-3c8a-4fa3-9fbe-4ba257bedd26,כיכר חדשה בצומת עמק האלה-אליהו הנביא נחנכת השבוע,/news/modiin-news-289/,same address
https://www.modiin4u.co.il/news/modiin-news-290/,/news/modiin-news-290/,news,articles,4479567e-934b-4292-9681-376211e993d0,"מעלה יוקדש לזכרו של אלכסנדר אנוסוב, לוחם חטיבת הנח""ל שנפל ברפיח",/news/modiin-news-290/,same address
https://www.modiin4u.co.il/news/modiin-news-291/,/news/modiin-news-291/,news,articles,01500444-3788-4b0c-a1fb-09f1d0e9e9d1,פותחים את העיר: מודיעין יוצאת למהפך תיירותי עם סדרת סיורים,/news/modiin-news-291/,same address
https://www.modiin4u.co.il/news/modiin-news-292/,/news/modiin-news-292/,news,articles,442192a5-c8b3-4951-a608-db78039ea2c4,"גאווה עירונית: מנהלת גן ""רקפת"" במודיעין זוכה להצטיינות על שילוב בינה מלאכותית וחדשנות",/news/modiin-news-292/,same address
https://www.modiin4u.co.il/news/modiin-news-294/,/news/modiin-news-294/,news,articles,a6aadf19-9491-4293-aa2e-a5c8e5a6fd3f,חשש לתקיפת סייבר טורקית בתחנות האוטובוס החכמות: כל הפרטים והשפעות על מודיעין,/news/modiin-news-294/,same address
https://www.modiin4u.co.il/news/modiin-news-293/,/news/modiin-news-293/,news,articles,6b7032a9-e589-4a0f-aaf7-18f6a4c24f1c,פרשת ויצא: דבר פרשת השבוע,/news/modiin-news-293/,same address
https://www.modiin4u.co.il/news/modiin-news-295/,/news/modiin-news-295/,news,articles,c5d5eb99-ea9e-4ba5-80a3-85e69f97aa63,"לזכר הגיבור: מעלה חדש על שם אלכסנדר אנוסוב ז""ל נחנך בפארק הדגים במודיעין",/news/modiin-news-295/,same address
https://www.modiin4u.co.il/news/modiin-news-296/,/news/modiin-news-296/,news,articles,db1cb0dd-8dbe-435d-a32e-d2f977390a16,בשורה לתושבים הוותיקים: הושלם שדרוג יסודי לכבישים ראשיים בלב העיר!,/news/modiin-news-296/,same address
https://www.modiin4u.co.il/news/modiin-news-297/,/news/modiin-news-297/,news,articles,c0252245-37c5-41a0-ac55-b53e6467f050,"לא נשארים אדישים: מיצג מטלטל וקמפיין ""תהיה חבר"" ציינו במודיעין את יום המאבק באלימות נגד נשים",/news/modiin-news-297/,same address
https://www.modiin4u.co.il/news/modiin-news-298/,/news/modiin-news-298/,news,articles,65863e59-3ed0-4944-afca-ed0b34583340,"זהירות, שועלים! העירייה והרט""ג יוצאות בקמפיין הסברה: כך נצמצם את כניסת חיות הבר לשכונות",/news/modiin-news-298/,same address
https://www.modiin4u.co.il/news/modiin-news-299/,/news/modiin-news-299/,news,articles,2f5e9354-5e0a-48c7-bf82-49b5e6691c03,מחשש לרעידת אדמה: תרגיל ענק ליחידת החילוץ של מודיעין – כך יחלצו אתכם מההריסות!,/news/modiin-news-299/,same address
https://www.modiin4u.co.il/news/modiin-news-300/,/news/modiin-news-300/,news,articles,3c4b372d-4bc9-47c1-86a3-fd6525f3920b,21 שנה למסורת: כנס מורשת החשמונאים השנתי במודיעין חוזר – ומה הקשר ליין ו-AI?,/news/modiin-news-300/,same address
https://www.modiin4u.co.il/news/modiin-news-301/,/news/modiin-news-301/,news,articles,c8d85123-0e97-4e7a-9273-9ea859ea5b04,פרשת וישלח: הדיסטנס כמיתוג ובידול,/news/modiin-news-301/,same address
https://www.modiin4u.co.il/news/modiin-news-302/,/news/modiin-news-302/,news,articles,0b798127-bdcc-484a-80be-821b995bf008,קריאה דחופה לבעלי עסקים: העירייה מקימה מאגר תיירות,/news/modiin-news-302/,same address
https://www.modiin4u.co.il/news/modiin-news-303/,/news/modiin-news-303/,news,articles,3604566f-c1a2-4e97-b927-32c99192bd20,בשורה לנוסעי מורשת: העירייה לחצה והצליחה להוסיף 25 נסיעות יומיות לקווי האוטובוס,/news/modiin-news-303/,same address
https://www.modiin4u.co.il/news/modiin-news-304/,/news/modiin-news-304/,news,articles,0df54b83-13b8-42e0-88c8-f7e2867e886a,עלייה חדה: מודיעין מטפלת בזינוק של 566% במספר האנשים על הרצף האוטיסטי – כך העיר נערכת,/news/modiin-news-304/,same address
https://www.modiin4u.co.il/news/modiin-news-305/,/news/modiin-news-305/,news,articles,bd95adca-2ea4-4d50-8c8e-fa719234b2bc,"""חמישי שלנו"" חוזר: בוקר חוויתי להורים בחופשת לידה במודיעין, מפעילות ספורט עד תזונת תינוקות",/news/modiin-news-305/,same address
https://www.modiin4u.co.il/news/modiin-news-306/,/news/modiin-news-306/,news,articles,d7191a6c-0206-437e-bcc7-dff1e6a8638c,"ענבה משתדרגת: תוכנית הפארק המרכזי של מודיעין הופכת למותג ארצי בהשקעת 100 מיליון ש""ח",/news/modiin-news-306/,same address
https://www.modiin4u.co.il/news/modiin-news-307/,/news/modiin-news-307/,news,articles,067af0d2-4728-4f4d-8394-45927f353dbb,"תפס ""על חם"" במרכז העיר: שיטור עירוני עצר נער שהפעיל נפצים, הקריאה להפסיק את הבהלה ברחובות",/news/modiin-news-307/,same address
https://www.modiin4u.co.il/news/modiin-news-308/,/news/modiin-news-308/,news,articles,e5a72f0c-7548-4aae-8988-ac5581c3f7a8,"נהגים, שימו לב! עבודות ענק בעמק החולה צפון: הדרך הולכת להיחסם לשלושה שבועות",/news/modiin-news-308/,same address
https://www.modiin4u.co.il/news/modiin-news-309/,/news/modiin-news-309/,news,articles,10671a09-f03a-4333-aacf-fbae28595df7,פרשת וישב: הכול בעיני המתבונן,/news/modiin-news-309/,same address
https://www.modiin4u.co.il/news/modiin-news-310/,/news/modiin-news-310/,news,articles,0897e778-95c8-4e4e-ae3c-97fc83e255c6,עושים היסטוריה: מודיעין מצדיעה לגיבורים שמאחורי הקלעים כל המתנדבים והארגונים המצטיינים של 2025,/news/modiin-news-310/,same address
https://www.modiin4u.co.il/news/bike-park-modiin/,/news/bike-park-modiin/,news,articles,1116b477-c3a7-4257-90ca-b0b93350639d,בייק פארק מודיעין – כל מה שרוכב צריך לדעת,/news/bike-park-modiin/,same address
https://www.modiin4u.co.il/news/modiin-bird-neighborhood/,/news/modiin-bird-neighborhood/,news,articles,8fb4b1ff-f07c-4dfc-bb4a-431e55c8be24,"שכונת הציפורים מודיעין: כל מה שצריך לדעת על מגורים ונדל""ן",/news/modiin-bird-neighborhood/,same address
https://www.modiin4u.co.il/news/modiin-news-311/,/news/modiin-news-311/,news,articles,c8e3d41d-6ae3-43d9-95a6-24c5cdae568a,עושים עסקים בבית החדש: מודיעין משיקה כנס העצמה ראשון מסוגו לבעלי עסקים עולים,/news/modiin-news-311/,same address
https://www.modiin4u.co.il/news/modiin-news-312/,/news/modiin-news-312/,news,articles,32c24172-a394-41d9-97b7-aae21158fe12,המאבק על בני הנוער במודיעין: ההרצאות והסדנאות שנכנסות לתוך בתי הספר,/news/modiin-news-312/,same address
https://www.modiin4u.co.il/news/modiin-news-313/,/news/modiin-news-313/,news,articles,70da2b31-b67b-4ea7-9023-7ee985850085,"גאווה מקומית בבית הנשיא: המהלך המרגש של מנהלת ""שיבולים"" לאיחוי השברים בחברה",/news/modiin-news-313/,same address
https://www.modiin4u.co.il/news/modiin-news-314/,/news/modiin-news-314/,news,articles,5eab7d6b-df45-4d15-bbf0-2d17ae573d41,שוברות את הקיר השקוף: המיזם המרגש של האחיות השכולות ממודיעין שכבש את מחוז ירושלים,/news/modiin-news-314/,same address
https://www.modiin4u.co.il/news/modiin-news-315/,/news/modiin-news-315/,news,articles,898c09f1-29a0-4eed-9396-e51069e679cf,יוצא אל האור: פינת הזיכרון החדשה במודיעין שמחברת את התלמידים ללוחם שנפל,/news/modiin-news-315/,same address
https://www.modiin4u.co.il/news/modiin-news-316/,/news/modiin-news-316/,news,articles,c0ae7972-fd24-4ee6-b8b9-a63986728e74,פרשת מקץ: חוויות מתקנות,/news/modiin-news-316/,same address
https://www.modiin4u.co.il/news/modiin-news-317/,/news/modiin-news-317/,news,articles,f0845b17-a0b2-4b91-8d35-594af2fadce1,פרשת ויגש: הסתר פנים,/news/modiin-news-317/,same address
https://www.modiin4u.co.il/news/modiin-news-318/,/news/modiin-news-318/,news,articles,434bdf6f-cabf-4768-b0e5-317b47e4eb03,פרידה מהמדפים הישנים: ספריית רעות נסגרת לשיפוץ ענק,/news/modiin-news-318/,same address
https://www.modiin4u.co.il/news/modiin-news-319/,/news/modiin-news-319/,news,articles,7ce5929c-a1e0-437d-ba32-977619695713,חורף צבעוני במודיעין: 50 אלף פרחים חדשים נשתלים ברחבי העיר,/news/modiin-news-319/,same address
https://www.modiin4u.co.il/news/modiin-news-320/,/news/modiin-news-320/,news,articles,0a76f829-30f4-4a9d-94d5-fcae64207271,הבית של היתומים השקופים במודיעין: המקום שבו ילדים שאיבדו הורה כבר לא לבד,/news/modiin-news-320/,same address
https://www.modiin4u.co.il/news/modiin-news-321/,/news/modiin-news-321/,news,articles,6b2269b5-74ce-48c4-b9c8-99df78cc0d3b,מתיחת פנים בשכונות: אלו הפארקים הוותיקים במודיעין שמשתדרגים מהיסוד,/news/modiin-news-321/,same address
https://www.modiin4u.co.il/news/modiin-news-322/,/news/modiin-news-322/,news,articles,e7fc4afd-0d7c-45ae-b606-17199d4e3de9,"""אמור מעט ועשה הרבה"": הלוחם שהתעקש לצאת למשימה האחרונה הונצח בלב מודיעין",/news/modiin-news-322/,same address
https://www.modiin4u.co.il/news/modiin-news-323/,/news/modiin-news-323/,news,articles,701d4ce1-0241-430f-9d0c-512832626f41,פרשת שמות: לצאת מאזור הנוחות,/news/modiin-news-323/,same address
https://www.modiin4u.co.il/news/modiin-news-324/,/news/modiin-news-324/,news,articles,fe56a03a-023e-454c-830d-07cf94c2624e,המהפכה של מטה 105 במודיעין: כך בתי הספר בעיר נלחמים בסכנות שמאחורי המסך,/news/modiin-news-324/,same address
https://www.modiin4u.co.il/news/modiin-news-325/,/news/modiin-news-325/,news,articles,73098997-b05b-4afa-8b00-6728dd9f3b16,סגול זה הירוק החדש: המהפכה הסביבתית מגיעה לשכונת מורשת במודיעין,/news/modiin-news-325/,same address
https://www.modiin4u.co.il/news/modiin-news-326/,/news/modiin-news-326/,news,articles,f847d21c-9697-4612-b5f9-56fd9da64871,דור ההייטק הבא של מודיעין: המהפכה הטכנולוגית שמתחילה באורט עירוני ד',/news/modiin-news-326/,same address
https://www.modiin4u.co.il/news/modiin-news-327/,/news/modiin-news-327/,news,articles,3b055793-b68b-4c4e-99b6-03381c77e966,"מהפכה ירוקה בשדרות צה""ל: כך הופך אי התנועה המרכזי לריאה הירוקה החדשה של העיר",/news/modiin-news-327/,same address
https://www.modiin4u.co.il/news/modiin-news-328/,/news/modiin-news-328/,news,articles,3a62d2fb-eb01-4501-9490-4a3585e6a65d,"המדים החדשים של ""פסיפס"": שבעה תלמידים ממודיעין עשו היסטוריה והתגייסו ליחידת כפיר",/news/modiin-news-328/,same address
https://www.modiin4u.co.il/news/modiin-news-329/,/news/modiin-news-329/,news,articles,ad9bc2dd-029f-4233-b702-43d476aa090c,הכאב שהפך לאומנות: הפרויקט המרגש של תלמידי מודיעין לזכר הגיבור שנפל בלבנון,/news/modiin-news-329/,same address
https://www.modiin4u.co.il/news/modiin-news-330/,/news/modiin-news-330/,news,articles,ceb97fcb-68a8-41a9-b155-435084193dd9,המלחמה בטרור הסביבתי: החרמת משאיות וציוד למבעירי שריפות הפסולת יוצאת לדרך,/news/modiin-news-330/,same address
https://www.modiin4u.co.il/news/modiin-news-332/,/news/modiin-news-332/,news,articles,c1be378f-6b82-449e-bf40-41aced336334,"שר הביטחון בביקור חירום בחבל מודיעין: ""שריפות הפסולת הן איום ביטחוני""",/news/modiin-news-332/,same address
https://www.modiin4u.co.il/news/modiin-news-331/,/news/modiin-news-331/,news,articles,f527ca94-98b7-45a7-82c3-d6cead50030a,מסעדת עלאש מתרחבת: חדר האירועים שודרג והפך לאולם אירועים של ממש,/news/modiin-news-331/,same address
https://www.modiin4u.co.il/news/modiin-news-333/,/news/modiin-news-333/,news,articles,31af3aa8-e5ed-499c-9f90-a2f9ce229a68,רגע המעבר הגדול: עץ המוצצים המפורסם של מודיעין משתכפל לשכונה חדשה,/news/modiin-news-333/,same address
https://www.modiin4u.co.il/news/modiin-news-334/,/news/modiin-news-334/,news,articles,0d12652e-4b31-4f93-a159-1edbb4dfd601,גבוה מעל כולם: תלמידי מודיעין הטיסו את הרחפנים שבנו מאפס ביום שיא עוצר נשימה,/news/modiin-news-334/,same address
https://www.modiin4u.co.il/news/modiin-news-335/,/news/modiin-news-335/,news,articles,9b3fd7e8-7f63-425d-81c1-8e0d2ca5e343,מתחדשים בעמק: הפארק המיתולוגי בעמק האלה נפתח מחדש ומגרשי הקט-רגל עברו מתיחת פנים,/news/modiin-news-335/,same address
https://www.modiin4u.co.il/news/modiin-news-336/,/news/modiin-news-336/,news,articles,c0a10b4a-1d0c-463d-beae-b01484b4f83c,לילה אלים במרכז העיר: נער שיכור תקף פקח ושוטרת; כתב אישום חמור הוגש תוך ימים,/news/modiin-news-336/,same address
https://www.modiin4u.co.il/news/modiin-news-337/,/news/modiin-news-337/,news,articles,310b3364-4678-429e-bdce-407da866fbcf,שמיים של צבע במודיעין: העפיפוניאדה ה-16 חוזרת לפארק חטיבת יפתח,/news/modiin-news-337/,same address
https://www.modiin4u.co.il/news/modiin-news-338/,/news/modiin-news-338/,news,articles,7659f72d-980a-443c-9484-09b9f4893d14,יוצאים לשבילים: אלפי תלמידים כבשו את אתרי המורשת של מודיעין ביום שיא חגיגי,/news/modiin-news-338/,same address
https://www.modiin4u.co.il/news/modiin-news-339/,/news/modiin-news-339/,news,articles,a8ac78bd-a44f-47aa-b082-adb00dd1d3e1,"השומרים של מודיעין עולים שלב: גדוד יהודה נערך למשימה המבצעית הראשונה באיו""ש",/news/modiin-news-339/,same address
https://www.modiin4u.co.il/news/modiin-news-340/,/news/modiin-news-340/,news,articles,794560ae-8dbf-43e9-a119-467a20d80c3b,מהפכת החינוך במורשת: בתי הספר החדשים והקונסרבטוריון העירוני מגיעים לקו הסיום,/news/modiin-news-340/,same address
https://www.modiin4u.co.il/news/modiin-news-341/,/news/modiin-news-341/,news,articles,97af9b46-2ae5-491d-889f-ddbec8052092,פרשת וארא: הכחשת ההכחשה,/news/modiin-news-341/,same address
https://www.modiin4u.co.il/news/modiin-news-342/,/news/modiin-news-342/,news,articles,57c2dfbd-58cb-4730-b3fc-a9b67c2ae063,מרגש: המסע מישיבת ההסדר ועד לכותל המערבי – 14 נערים ממודיעין חגגו בר מצווה בדרך שונה,/news/modiin-news-342/,same address
https://www.modiin4u.co.il/news/modiin-news-343/,/news/modiin-news-343/,news,articles,45962173-a434-458b-84cd-a8f31cc5c52b,בשורה לתושבי מודיעין: העיר נבחרה לפיילוט ארצי לקידום בריאות הנפש,/news/modiin-news-343/,same address
https://www.modiin4u.co.il/news/modiin-news-344/,/news/modiin-news-344/,news,articles,b06fdd57-9823-4b59-be17-9753ac95822e,"שורשים של גבורה במכבים רעות: עץ ניטע לזכרו של הלוחם עמית רגב ז""ל בבית הספר בו גדל",/news/modiin-news-344/,same address
https://www.modiin4u.co.il/news/modiin-news-345/,/news/modiin-news-345/,news,articles,59c8c942-8c07-4cda-9112-1090ecbe7d82,הצלחה בזירה: לוחמי הקיקבוקס של מודיעין כבשו את אליפות ישראל עם 5 מדליות,/news/modiin-news-345/,same address
https://www.modiin4u.co.il/news/modiin-news-346/,/news/modiin-news-346/,news,articles,b86af145-3cf9-4ae7-a2a2-a913b4f52aeb,חגיגות ה-20 למרוץ מודיעין: מקצה חדש ומאתגר יוצא לדרך וכל הפרטים על ההרשמה המוקדמת,/news/modiin-news-346/,same address
https://www.modiin4u.co.il/news/modiin-news-347/,/news/modiin-news-347/,news,articles,872c5bc0-c0a0-433c-8ad9-c59722ba791e,אפס סבלנות לאלימות: המשטרה והעירייה פועלות במע״ר בעקבות הקטטה הקשה,/news/modiin-news-347/,same address
https://www.modiin4u.co.il/news/modiin-news-348/,/news/modiin-news-348/,news,articles,4dab1427-867b-4170-a34a-aecd348be54c,פרשת בא: מכת בכורות או הופעת בכורה,/news/modiin-news-348/,same address
https://www.modiin4u.co.il/news/modiin-news-349/,/news/modiin-news-349/,news,articles,93b8a032-15e8-400c-ad82-6a95062babe5,דרמה על הגדר: כוחות ביטחון גדולים ומסוק משטרתי במצוד לילי אחר מסתננים באזור מודיעין,/news/modiin-news-349/,same address
https://www.modiin4u.co.il/news/modiin-news-350/,/news/modiin-news-350/,news,articles,a81c41d6-0125-42a3-a7cd-716675321785,"עושים סדר במע""ר: פשיטה משטרתית בסופ""ש על רוכבי קורקינטים וקטטות בני נוער",/news/modiin-news-350/,same address
https://www.modiin4u.co.il/news/modiin-news-351/,/news/modiin-news-351/,news,articles,2095166c-30b7-44e0-85a1-eaf6e67efdea,הזיכרון החי במודיעין: מי הם 860 השורדים שחיים בינינו ואיזו עזרה חדשה מחכה להם?,/news/modiin-news-351/,same address
https://www.modiin4u.co.il/news/modiin-news-352/,/news/modiin-news-352/,news,articles,96f33cb1-c8f4-4cfd-845b-ec47906c764e,לקחת את העסק לשלב הבא: כנס העסקים הגדול של מודיעין חוזר לסיבוב שני,/news/modiin-news-352/,same address
https://www.modiin4u.co.il/news/modiin-news-353/,/news/modiin-news-353/,news,articles,1b0a3238-263f-4a6b-8f43-4024052ee019,חוזרים לדיסטורשן: מועדון הג'ק חוגג 20 שנה בערב של איחודים היסטוריים ורוק מקומי,/news/modiin-news-353/,same address
https://www.modiin4u.co.il/news/modiin-news-354/,/news/modiin-news-354/,news,articles,b8e9b0dd-a798-4da2-bbe7-ce8565b2b372,"180 דירות חדשות בלב המע""ר: מתחם מגורים, תעסוקה ושדרוג ענק בתחנת הרכבת יוצאים לדרך",/news/modiin-news-354/,same address
https://www.modiin4u.co.il/news/modiin-news-355/,/news/modiin-news-355/,news,articles,94d3c78b-4721-445e-8698-6e958dd26f6b,פרשת בשלח: התוף מאז ולתמיד*,/news/modiin-news-355/,same address
https://www.modiin4u.co.il/news/modiin-news-356/,/news/modiin-news-356/,news,articles,b256d644-ec50-4e52-85f7-b63e871bac50,סוף לעידן המעטפות: המהפכה הירוקה של מודיעין שתעשה לכם סדר במייל,/news/modiin-news-356/,same address
https://www.modiin4u.co.il/news/modiin-news-357/,/news/modiin-news-357/,news,articles,b2111142-258b-4884-a107-c3e4f7a5197c,פרחים של תקווה: המיזם המרגש במודיעין שמנציח את הלוחם שהקדיש את חייו לילדי הצרכים המיוחדים,/news/modiin-news-357/,same address
https://www.modiin4u.co.il/news/modiin-news-358/,/news/modiin-news-358/,news,articles,5db8bc60-6144-46db-afed-0bc402271795,החיבור המרגש של מודיעין: כשילדי כיתה ג' והדור השלישי נטעו יחד את עתיד העיר,/news/modiin-news-358/,same address
https://www.modiin4u.co.il/news/modiin-news-359/,/news/modiin-news-359/,news,articles,610d0d85-d4d5-4e25-bd63-b2c94b5aaf75,"נתפסו ""על חם"": ארבעה נערים ריססו גרפיטי במרכז מרלז וההורים הם אלו שישלמו את המחיר",/news/modiin-news-359/,same address
https://www.modiin4u.co.il/news/modiin-news-360/,/news/modiin-news-360/,news,articles,270c8884-7535-4aa1-ab98-c3b9a33e1ae5,בוגרים שאינם: תלמידי י״ב במודיעין גייסו רבע מיליון שקלים והכניסו ספר תורה לזכר הנופלים,/news/modiin-news-360/,same address
https://www.modiin4u.co.il/news/modiin-news-361/,/news/modiin-news-361/,news,articles,336e1c9b-da0b-43f5-b7af-5a6835f92ac2,פרשת יתרו: הערכות נכונה למעמד שיא,/news/modiin-news-361/,same address
https://www.modiin4u.co.il/news/roza-modiin-meat-restaurant/,/news/roza-modiin-meat-restaurant/,news,articles,759fb1c1-1476-43c1-bdce-c2225e6c5601,"חוויה של בשר, אלכוהול ואווירה: הכירו את ""רוזה"" – הלב הפועם של הקולינריה במודיעין",/news/roza-modiin-meat-restaurant/,same address
https://www.modiin4u.co.il/news/modiin-news-362/,/news/modiin-news-362/,news,articles,2175de15-487d-4a46-b5ba-880e4ed0422e,בשורה לחיילים: קו ישיר חדש ממודיעין לבסיסי הדרום יוצא לדרך,/news/modiin-news-362/,same address
https://www.modiin4u.co.il/news/modiin-news-363/,/news/modiin-news-363/,news,articles,76a8a830-750d-4ac4-989f-3fd798abaae6,מודיעין הופכת לירוקה יותר: 24 עמדות מחזור מעוצבות נפרסו ברחבי העיר,/news/modiin-news-363/,same address
https://www.modiin4u.co.il/news/modiin-news-364/,/news/modiin-news-364/,news,articles,c1ca3fa0-b622-4dce-ac33-e5582d9b637b,שורשים של זיכרון: המשפחות השכולות ותלמידי העיר נטעו עצים לזכר הנופלים,/news/modiin-news-364/,same address
https://www.modiin4u.co.il/news/modiin-news-365/,/news/modiin-news-365/,news,articles,adb7d17a-33da-4a6c-bc27-d73b367e32aa,"פתיחה חזקה ל-2026: מאות צעירים כבשו את אירועי ""יודה"" במודיעין; כל מה שמחכה לכם בפברואר",/news/modiin-news-365/,same address
https://www.modiin4u.co.il/news/modiin-news-366/,/news/modiin-news-366/,news,articles,c5b46509-0c68-4489-aa63-d584205b2e49,דור העתיד של מודיעין: בתי הספר מהעיר כבשו את יריד החדשנות הארצי עם אפליקציות AI,/news/modiin-news-366/,same address
https://www.modiin4u.co.il/news/modiin-news-367/,/news/modiin-news-367/,news,articles,68d44fc5-cbe6-45c1-8235-d33bd7e4242e,המפקדים של המחר: המהפכה של תיכון אמית בנים מודיעין – אחד מכל ארבעה בוגרים הופך לקצין,/news/modiin-news-367/,same address
https://www.modiin4u.co.il/news/modiin-news-368/,/news/modiin-news-368/,news,articles,f6ceb675-365b-42b7-90ef-b8b5a36445c4,מודיעין על המפה: מה מחפשים אלפי תיירים ואנשי מקצוע בעיר העתיד?,/news/modiin-news-368/,same address
https://www.modiin4u.co.il/news/modiin-news-369/,/news/modiin-news-369/,news,articles,791baa21-e648-4047-8728-575084bef423,פרשת משפטים: שני חמורים ותורה אחת,/news/modiin-news-369/,same address
https://www.modiin4u.co.il/news/modiin-news-370/,/news/modiin-news-370/,news,articles,9c582e90-a1ee-4953-9332-058ea797641b,ריכזנו עבורכם את חנויות הפרחים במודיעין שיצילו לכם את הוולנטיין ברגע האחרון,/news/modiin-news-370/,same address
https://www.modiin4u.co.il/news/modiin-news-371/,/news/modiin-news-371/,news,articles,62374cc2-2cc4-4385-8cc3-24fbacda1068,"המדריך המלא לפברואר: סיורי עששיות, חפירות ארכיאולוגיות ומדיטציה ביער",/news/modiin-news-371/,same address
https://www.modiin4u.co.il/news/modiin-news-372/,/news/modiin-news-372/,news,articles,f2dcebab-3971-4375-a48b-aa5299037b54,"🎭 חגיגות ה-30 למודיעין: עדלאידע היסטורית, נס וסטילה והופעות ענק",/news/modiin-news-372/,same address
https://www.modiin4u.co.il/news/modiin-news-373/,/news/modiin-news-373/,news,articles,e12917c9-0f5f-4292-8b04-308016c58c48,"בדרך לבקו""ם עוצרים בהיכל: יותר מ-3,000 בני נוער כבשו את ""שבוע צה""ל"" במודיעין",/news/modiin-news-373/,same address
https://www.modiin4u.co.il/news/modiin-news-374/,/news/modiin-news-374/,news,articles,ad0701c1-fb6c-4427-9b63-b46b64e46c86,"טילים, פגיעה בתשתיות ופינוי תושבים: תרגיל פתע רחב היקף הקפיץ את מודיעין",/news/modiin-news-374/,same address
https://www.modiin4u.co.il/news/modiin-news-375/,/news/modiin-news-375/,news,articles,88caf93f-f5d2-42d3-a279-495b25fbe080,נחשף: האם מודיעין היא העיר הבטוחה ביותר בישראל? נתוני המשטרה המפתיעים לשנת 2025,/news/modiin-news-375/,same address
https://www.modiin4u.co.il/news/modiin-news-376/,/news/modiin-news-376/,news,articles,3ba67cb0-dda1-435e-b38b-60541b58571d,פרשת תרומה: הכרובים כמודל להעברת מסר חינוכי,/news/modiin-news-376/,same address
https://www.modiin4u.co.il/news/modiin-news-377/,/news/modiin-news-377/,news,articles,348429ba-e1d6-4f58-ba8e-df41ad4c91f6,"בירה, נדל""ן ודירה ראשונה: ליין ההרצאות החדש של צעירי מודיעין יוצא לדרך",/news/modiin-news-377/,same address
https://www.modiin4u.co.il/news/modiin-news-378/,/news/modiin-news-378/,news,articles,be202ae6-1fff-4ad1-ae00-2485753dae12,הטרדה בלב העיר: תושבת חוץ נעצרה בחשד שהטרידה מינית נערות במודיעין,/news/modiin-news-378/,same address
https://www.modiin4u.co.il/news/modiin-news-379/,/news/modiin-news-379/,news,articles,44d94cd2-aaef-4d6c-9380-455b273572b9,"""מתנשאים עם דם כחול"" או ""האנשים הכי טובים בארץ""? הפוסט שהצית סערה במודיעין",/news/modiin-news-379/,same address
https://www.modiin4u.co.il/news/modiin-news-380/,/news/modiin-news-380/,news,articles,10309998-ff2f-4e63-a373-78d00c19a5d3,מודיעין: פעוט ננעל לבדו ברכב וחולץ בשלום על־ידי מתנדב ידידים,/news/modiin-news-380/,same address
https://www.modiin4u.co.il/news/modiin-news-381/,/news/modiin-news-381/,news,articles,54953641-b4a0-4bb2-b822-661521ebb769,מה מסתתר מתחת לאדמה? פרויקט החפירות הענק בגבעת התיתורה חוזר וכולכם מוזמנים,/news/modiin-news-381/,same address
https://www.modiin4u.co.il/news/modiin-news-382/,/news/modiin-news-382/,news,articles,38673006-8dd1-4084-98fa-6010653c342a,חגיגות ה-30 למודיעין: המדריך המלא לעדלאידע הענקית וכל חסימות הכבישים,/news/modiin-news-382/,same address
https://www.modiin4u.co.il/news/modiin-news-383/,/news/modiin-news-383/,news,articles,de75091d-27e6-445a-aed7-2ec58116ea18,מתחדשים בשכונה: המהפך של הפארק ברחוב שלומציון המלכה יצא לדרך,/news/modiin-news-383/,same address
https://www.modiin4u.co.il/news/modiin-news-384/,/news/modiin-news-384/,news,articles,26e004b6-08c2-4acb-ba02-ada93a949db3,כל דקה קובעת: שתי עמדות החייאה חדשות הוצבו במודיעין – איפה הן נמצאות?,/news/modiin-news-384/,same address
https://www.modiin4u.co.il/news/modiin-news-385/,/news/modiin-news-385/,news,articles,992608d3-a77d-4e31-98fa-1ce2a3654894,"רעידת אדמה במודיעין: כך תרגלו מאות תלמידי בית ספר ""היובל"" את תרחיש הקיצון",/news/modiin-news-385/,same address
https://www.modiin4u.co.il/news/modiin-news-386/,/news/modiin-news-386/,news,articles,0f7380b0-a077-4b6e-ad79-e9227e1cefbc,מטסלה למעבדה במודיעין: הביקור המפתיע שהקפיץ את נבחרת הרובוטיקה של אמית בנים,/news/modiin-news-386/,same address
https://www.modiin4u.co.il/news/modiin-news-387/,/news/modiin-news-387/,news,articles,8417965b-61ee-4052-8354-f6f5c0e020fc,"אלו החנויות והמסעדות שפתוחות כעת בקניון עזריאלי מודיעין ובמתחם המע""ר",/news/modiin-news-387/,same address
https://www.modiin4u.co.il/news/modiin-news-388/,/news/modiin-news-388/,news,articles,14804fc8-7f2f-4a6f-836f-ddcbe333e75d,פרשת כי תשא: המחצית והחציון,/news/modiin-news-388/,same address
https://www.modiin4u.co.il/news/rachel-modiin/,/news/rachel-modiin/,news,articles,1898ceed-3ad7-4133-a25e-40aca915739d,"מהפכת הכריכים במודיעין: כריכי השף של רחל ב49₪ בלבד – וזו לא ""עוד הנחה""",/news/rachel-modiin/,same address
https://www.modiin4u.co.il/news/modiin-news-389/,/news/modiin-news-389/,news,articles,132305d5-6d24-405c-a684-ff81233cef54,"האיש שמאחורי השיר של יוסי בנאי מרגש את מודיעין: המחווה של ""מואיז הקטן"" שתציל חיים",/news/modiin-news-389/,same address
https://www.modiin4u.co.il/news/modiin-news-390/,/news/modiin-news-390/,news,articles,460821ef-d153-47a3-80be-875fc7773ff8,הסוף להעתקות מהלוח? הסטארט-אפ המהפכני של תלמידי מודיעין שכבש את משרד החינוך,/news/modiin-news-390/,same address
https://www.modiin4u.co.il/news/modiin-news-391/,/news/modiin-news-391/,news,articles,ae602bb4-1e81-4c70-a116-7d1eab96b8de,מי המוח הכי חריף בעיר? אלו המנצחים בחידון המורשת של מודיעין – והשנה זה קרה עם טוויסט של בינה מלאכותית!,/news/modiin-news-391/,same address
https://www.modiin4u.co.il/news/modiin-news-392/,/news/modiin-news-392/,news,articles,7445837e-8ef4-4309-91dc-5290e97a12ac,תיעוד מקומם: צעירים השתוללו וזרעו הרס בחניון העירוני – המחיר היקר שהם עומדים לשלם,/news/modiin-news-392/,same address
https://www.modiin4u.co.il/news/modiin-news-393/,/news/modiin-news-393/,news,articles,5843abf4-74e2-43c3-aadf-e695b8850c27,"גאווה מודיעינית: בן ה-12 ש""כבש"" את המילואימניקים בשיא מבצע ״שאגת הארי״ עם בינה מלאכותית!",/news/modiin-news-393/,same address
https://www.modiin4u.co.il/news/places-for-events-in-modiin/,/news/places-for-events-in-modiin/,news,articles,408a0b82-fc56-4438-8273-66c828f4e2e3,המדריך המקיף ביותר לשנת 2026: איך לבחור מקום לאירועים במודיעין?,/news/places-for-events-in-modiin/,same address
https://www.modiin4u.co.il/news/modiin-news-394/,/news/modiin-news-394/,news,articles,e09fc46b-4ca5-409e-bbc7-13153997daff,הזדמנות אחרונה על השדרה: למה כולם רוצים לגור בלב הפועם של מודיעין?,/news/modiin-news-394/,same address
https://www.modiin4u.co.il/news/modiin-news-395/,/news/modiin-news-395/,news,articles,3dff65a0-1db0-4727-80c5-614ed3911ee3,פרשת ויקרא: הדעה והדיבור,/news/modiin-news-395/,same address
https://www.modiin4u.co.il/news/modiin-news-396/,/news/modiin-news-396/,news,articles,60085b30-df00-4975-9a3c-bf95bd1c24de,המאנץ' הלילי של מודיעין משתדרג: הלהיט המוכר מגיע למרכז העיר,/news/modiin-news-396/,same address
https://www.modiin4u.co.il/news/modiin-news-397/,/news/modiin-news-397/,news,articles,efdd3ab1-d694-42b8-b859-b70330b33baa,פסח 2026 במודיעין: המדריך המלא להגעלת כלים וביעור חמץ ברחבי העיר,/news/modiin-news-397/,same address
https://www.modiin4u.co.il/news/modiin-news-398/,/news/modiin-news-398/,news,articles,f026a408-b7c0-44aa-a5ad-34c52e0a6bdb,הטירוף העולמי נוחת במודיעין: ענף הספורט שמשגע את המדינה מגיע לעיר,/news/modiin-news-398/,same address
https://www.modiin4u.co.il/news/modiin-news-399/,/news/modiin-news-399/,news,articles,d489e4ac-7b22-4796-9106-0543148e1cab,ממינוס 3 באהבה: חניון השדרה הופך למתחם אטרקציות ענק לילדים ולנוער,/news/modiin-news-399/,same address
https://www.modiin4u.co.il/news/modiin-news-400/,/news/modiin-news-400/,news,articles,9149bc09-b1d0-4fcc-aca3-cadfa57af55a,חג הפסח תשפו,/news/modiin-news-400/,same address
https://www.modiin4u.co.il/news/modiin-news-401/,/news/modiin-news-401/,news,articles,54ce0573-0546-438f-a4b6-843bf084056b,ערב שביעי של פסח,/news/modiin-news-401/,same address
https://www.modiin4u.co.il/news/modiin-news-402/,/news/modiin-news-402/,news,articles,6a21a0e2-0963-4b77-8365-6b0d3798e0ba,החלטה דרמטית במודיעין: בוטלו מופעי יום העצמאות ההמוניים – לאן ילך התקציב?,/news/modiin-news-402/,same address
https://www.modiin4u.co.il/news/modiin-news-403/,/news/modiin-news-403/,news,articles,f2d88ff8-05a1-40b1-b4b9-9aa594272ad4,יותר מבית ספר: הצצה למבנה המרהיב שנחנך במודיעין,/news/modiin-news-403/,same address
https://www.modiin4u.co.il/news/modiin-news-404/,/news/modiin-news-404/,news,articles,8fd73b1d-eb82-4efa-970e-3c244cc60f49,"סבלנות, סוללים: המהפכה בשכונות הוותיקות חוזרת לעמק איילון – כל חסימות הכבישים",/news/modiin-news-404/,same address
https://www.modiin4u.co.il/news/modiin-news-405/,/news/modiin-news-405/,news,articles,4a4f39b0-bf1d-460a-86ea-4e58fb843cee,"בצל ""שאגת הארי"": כך יצוין יום הזיכרון במודיעין – כל הטקסים והשינויים שחשוב להכיר",/news/modiin-news-405/,same address
https://www.modiin4u.co.il/news/modiin-news-406/,/news/modiin-news-406/,news,articles,a2362089-2035-4322-ad0b-05dd80c5caa7,"במקום הבמות הגדולות: רמי קליינשטיין, משה כורסיה וליעד מאיר מגיעים לשכונות",/news/modiin-news-406/,same address
https://www.modiin4u.co.il/news/modiin-news-407/,/news/modiin-news-407/,news,articles,62b99e58-1480-41cf-9b9d-58ecf3c0b66c,פרשת תזריע מצורע,/news/modiin-news-407/,same address
https://www.modiin4u.co.il/news/modiin-news-408/,/news/modiin-news-408/,news,articles,cfeb74f6-1944-42ef-b6aa-a382cfbe6b9e,פרשת אחרי מות קדושים,/news/modiin-news-408/,same address
https://www.modiin4u.co.il/news/modiin-news-409/,/news/modiin-news-409/,news,articles,5c2d27c9-a94b-4c09-8b21-274e8baabaaf,"יעל, אורי ו-9,000 כלבים: כל המספרים המפתיעים של מודיעין ב-2026",/news/modiin-news-409/,same address
https://www.modiin4u.co.il/news/modiin-news-410/,/news/modiin-news-410/,news,articles,0756ea12-ae5c-42fd-bace-75c16faa2a2c,INSPECTOR – אינספקטור מראה איך כתב כמויות מאפשר קבלת החלטות מדויקות בשטח,/news/modiin-news-410/,same address
https://www.modiin4u.co.il/news/modiin-news-411/,/news/modiin-news-411/,news,articles,637a757f-923a-40a8-8c21-0ddc1e4b5903,תאונות דרכים במודיעין: איך לוודא שתקבלו את מלוא הפיצוי המגיע לכם?,/news/modiin-news-411/,same address
https://www.modiin4u.co.il/news/modiin-news-412/,/news/modiin-news-412/,news,articles,59d4f36f-c7f8-455e-aeaa-37f7a87a6e0d,"המהפכה של מודיעין: 37,000 יחידות דיור, תחנת רכבת שלישית ושאיפה לאוניברסיטה ובית חולים",/news/modiin-news-412/,same address
https://www.modiin4u.co.il/news/modiin-news-413/,/news/modiin-news-413/,news,articles,1d0a1893-38ff-4e77-a1b5-5b5430463ed9,חגיגה כחול-לבן: אלפים שטפו את רחובות מודיעין בעצמאות – ומי הכוכבים שבדרך?,/news/modiin-news-413/,same address
https://www.modiin4u.co.il/news/modiin-news-414/,/news/modiin-news-414/,news,articles,1d5f83e3-e02e-47c2-bc61-78b798574882,ליגת העל כבר כאן: הצצה ראשונה לקריית הספורט הענקית של מודיעין,/news/modiin-news-414/,same address
https://www.modiin4u.co.il/news/modiin-news-415/,/news/modiin-news-415/,news,articles,f426b9d4-38de-40f3-add1-21f297e2bc0a,דרמה בפיצרייה במודיעין: בן 17 נעצר לאחר שאיים בסכין קצבים על קטין,/news/modiin-news-415/,same address
https://www.modiin4u.co.il/news/modiin-news-416/,/news/modiin-news-416/,news,articles,494071e0-89fe-4a85-9152-f35a9b1e2bbf,פרשת אמור: עזרה מכבדת,/news/modiin-news-416/,same address
https://www.modiin4u.co.il/news/recommended-restaurants-central-israel-2026/,/news/recommended-restaurants-central-israel-2026/,news,articles,c9531a5c-243b-48f3-9b69-d92875a83aba,המדריך המלא והמעודכן: מסעדות מומלצות במרכז הארץ לשנת 2026,/news/recommended-restaurants-central-israel-2026/,same address
https://www.modiin4u.co.il/news/modiin-news-417/,/news/modiin-news-417/,news,articles,1798f55a-4826-4083-8058-7b4214929060,"נתפסו ""על חם"": המארב היצירתי של השיטור העירוני שהסתיים בקנסות ענק ודרישה חריגה",/news/modiin-news-417/,same address
https://www.modiin4u.co.il/news/modiin-news-418/,/news/modiin-news-418/,news,articles,cc0bf24a-c3a3-46a3-b086-0da3f848b9dd,סטנדרט בינלאומי בלב מודיעין: הצצה לקומפלקס המוזיקה והאמנות החדש שנחנך השבוע,/news/modiin-news-418/,same address
https://www.modiin4u.co.il/news/modiin-news-419/,/news/modiin-news-419/,news,articles,58afc493-0360-4cdd-b981-9bb26bc0943b,פרשת בהר בחוקותי: מבט החוסן של עם ישראל לנצח,/news/modiin-news-419/,same address
https://www.modiin4u.co.il/news/modiin-news-420/,/news/modiin-news-420/,news,articles,c562365d-3342-4472-943f-9505f986110b,מודיעין עוברת לבגדי ספורט: כל מה שצריך לדעת על מרוץ מודיעין 2026 – והחסימות שאסור לכם לפספס,/news/modiin-news-420/,same address
https://www.modiin4u.co.il/news/modiin-news-421/,/news/modiin-news-421/,news,articles,7e8e9243-4cb5-4cec-bb1c-ec6c1663c095,המדריך המלא לבחירת תפילין לבר מצווה: כל מה שצריך לדעת,/news/modiin-news-421/,same address
https://www.modiin4u.co.il/news/modiin-news-422/,/news/modiin-news-422/,news,articles,be17a882-7ded-405d-b1e7-fd2a0691c629,התגעגעתם? פארק ענבה נפתח מחדש – וזו רק תחילתה של המהפכה,/news/modiin-news-422/,same address
https://www.modiin4u.co.il/news/modiin-news-423/,/news/modiin-news-423/,news,articles,a3a612a1-e587-4749-8255-9e70c9d33d1b,"7,000 איש כבשו את הרחובות: צפו ברגעים הגדולים של מרוץ מודיעין ה-20",/news/modiin-news-423/,same address
https://www.modiin4u.co.il/news/modiin-news-424/,/news/modiin-news-424/,news,articles,55db5fab-1231-4a17-b761-2ff066b14bec,פרשת במדבר: שילוב כוחות לחינוך מוצלח,/news/modiin-news-424/,same address
https://www.modiin4u.co.il/news/modiin-news-425/,/news/modiin-news-425/,news,articles,f9d6e13e-030e-4c2f-bf4a-c48a71169476,דנה ניסן מסבירה למה חיוני לבחור שמאי מקרקעין שמכיר את מודיעין לעומק,/news/modiin-news-425/,same address
https://www.modiin4u.co.il/news/modiin-news-426/,/news/modiin-news-426/,news,articles,4a98829f-5a4b-45ec-8fd2-c237f9bbc891,מוכנים לכל תרחיש: הצצה לאימון החילוץ הדרמטי של יחידת החילוץ של מודיעין,/news/modiin-news-426/,same address
https://www.modiin4u.co.il/news/modiin-news-427/,/news/modiin-news-427/,news,articles,25c80a81-fb23-4f61-822e-e61d4c291ae2,"הגאווה של מודיעין: שמונה תלמידים יזמים קיבלו את ""אות המאי""ר"" על עשייה מעוררת השראה",/news/modiin-news-427/,same address
https://www.modiin4u.co.il/news/modiin-news-428/,/news/modiin-news-428/,news,articles,9365f277-5308-4a17-8eef-9ec86861d22b,חגיגה כפולה במודיעין: עשרות אלפים שטפו את הפארקים בערב בלתי נשכח,/news/modiin-news-428/,same address
https://www.modiin4u.co.il/news/modiin-news-429/,/news/modiin-news-429/,news,articles,02448b04-5e1a-434b-bee8-d1fdb0ccbca3,השכנים שהם קו ההגנה הראשון: מודיעין מרחיבה את כיתת הכוננות ומחפשת אתכם,/news/modiin-news-429/,same address
https://www.modiin4u.co.il/news/modiin-news-430/,/news/modiin-news-430/,news,articles,7bb96152-b207-49ee-a2bf-1283f2a9c33d,חג השבועות: עם חכם ולא מתחכם- סוד החוסן,/news/modiin-news-430/,same address
https://www.modiin4u.co.il/news/modiin-news-431/,/news/modiin-news-431/,news,articles,751a1198-6039-43e8-b666-24de543705e0,שעוני נוכחות טביעת אצבע ואפליקציות נוכחות: המדריך המלא לבקרת עובדים חכמה,/news/modiin-news-431/,same address
https://www.modiin4u.co.il/news/modiin-news-432/,/news/modiin-news-432/,news,articles,79f4dfac-8e8f-4450-b96d-0d294a24e973,ניצחון תלת-ממדי: תלמידי אמית בנים מודיעין קטפו את המקום הראשון במייקאתון 2026,/news/modiin-news-432/,same address
https://www.modiin4u.co.il/news/modiin-news-433/,/news/modiin-news-433/,news,articles,407acf3c-a143-400f-ac17-c5b45584609b,מהפכת התשתיות במודיעין: רחוב עמק החולה נסגר לעבודות – כל מה שחשוב לדעת,/news/modiin-news-433/,same address
https://www.modiin4u.co.il/news/modiin-news-434/,/news/modiin-news-434/,news,articles,235061f6-f7c2-434e-9a53-871c73ad72d9,הקיץ הגיע: הבריכות והאטרקציות שיהפכו לכם את הקיץ במודיעין,/news/modiin-news-434/,same address
https://www.modiin4u.co.il/news/modiin-news-435/,/news/modiin-news-435/,news,articles,086a8477-9224-4ff6-91dd-11d5716b0d64,פרשת בהעלותך: יש אומן ויש מינקת,/news/modiin-news-435/,same address
https://www.modiin4u.co.il/news/modiin-news-436/,/news/modiin-news-436/,news,articles,7f35fcaa-f825-4256-b73c-a4aa1b4cd038,"ההזדמנות האחרונה במע""ר הפכה למשתלמת מתמיד: רוכשים דירה ב-My Avenue ומקבלים שובר ענק לניופאן",/news/modiin-news-436/,same address
https://www.modiin4u.co.il/news/recommended-injury-lawyer-modiin-yedidya/,/news/recommended-injury-lawyer-modiin-yedidya/,news,articles,b0e188fc-bf06-44a5-9249-7b5812afba45,עורך דין מומלץ במודיעין – ידידיה בלויגרונד שיילחם בשבילכם,/news/recommended-injury-lawyer-modiin-yedidya/,same address
https://www.modiin4u.co.il/news/modiin-news-437/,/news/modiin-news-437/,news,articles,f8b498bc-16d1-4bc7-9b59-de6c75870f93,נוסעים ברכבת? שימו לב: העדכון החדש שיחסוך לכם הרבה כסף בחניון לב העיר,/news/modiin-news-437/,same address
https://www.modiin4u.co.il/news/modiin-news-438/,/news/modiin-news-438/,news,articles,6d99c9f9-92bf-423d-be66-8953b90009ed,מה התושבים באמת יודעים? מודיעין נבחרה לאחת הרשויות השקופות בישראל,/news/modiin-news-438/,same address
https://www.modiin4u.co.il/news/modiin-news-439/,/news/modiin-news-439/,news,articles,e0eb9f9d-10d9-4b3b-b1e9-4750ff092b7b,צפו: הצמיד של תלמידי מודיעין שמשגע את עולם הרפואה ועומד לשנות את החיים של מיליונים,/news/modiin-news-439/,same address
https://www.modiin4u.co.il/news/modiin-news-441/,/news/modiin-news-441/,news,articles,9e4e181c-e520-45c8-b45e-1376f84cb45c,איך בוחרים רופא שיניים שמתאים דווקא לכם – מדריך מבפנים,/news/modiin-news-441/,same address
https://www.modiin4u.co.il/news/modiin-news-442/,/news/modiin-news-442/,news,articles,2da1c9c1-8690-43e8-9e19-518048165573,"מיגון מעליות בבנייני מגורים ומשרדים: תקנים, פתרונות וחיסכון בעלויות",/news/modiin-news-442/,same address
https://www.modiin4u.co.il/news/modiin-news-440/,/news/modiin-news-440/,news,articles,80c936a1-39cc-49b1-ae52-948f5b3070a0,לא מה שחשבתם: אלו הספרים שמודיעין הכי אהבה לקרוא השנה (והמספרים המטורפים ששברו שיא),/news/modiin-news-440/,same address
https://www.modiin4u.co.il/news/modiin-news-443/,/news/modiin-news-443/,news,articles,029b13c7-c5b5-4edd-b3a8-3c5a22aff4fc,"""הלב של העיר"": הכירו את 15 בני הנוער שגורמים לכולנו להתגאות במודיעין",/news/modiin-news-443/,same address
https://www.modiin4u.co.il/news/modiin-news-444/,/news/modiin-news-444/,news,articles,b4f31c5c-f54f-4982-930c-41ada4c33e02,אחרי מקרי האלימות האחרונים: התוכנית החדשה של מודיעין להחזרת הביטחון לבני הנוער,/news/modiin-news-444/,same address
https://www.modiin4u.co.il/news/modiin-news-445/,/news/modiin-news-445/,news,articles,6f197d0d-1735-4cdb-9b6b-deae4e745ac3,30 שנה למודיעין: כל המספרים המטורפים על העיר שכולנו גרים בה,/news/modiin-news-445/,same address
https://www.modiin4u.co.il/news/modiin-news-446/,/news/modiin-news-446/,news,articles,860b0153-2f82-41e7-b2e3-be48e171312d,"הדרך לבית הספר שתיקרא על שמו: מודיעין נפרדת ומנציחה את סמל עמית רגב ז""ל",/news/modiin-news-446/,same address
https://www.modiin4u.co.il/news/modiin-news-447/,/news/modiin-news-447/,news,articles,60305785-3fc7-41d7-a312-84d678e8a6ca,"האש לא תגיע לבתים: כך נערכת מודיעין לעונת השרב – ומהו ה""נשק הסודי"" שפועל בשטח?",/news/modiin-news-447/,same address
https://www.modiin4u.co.il/news/modiin-news-448/,/news/modiin-news-448/,news,articles,68d45283-4a1e-46af-88c9-551863adfd08,פרשת קורח: הגישה המכבדת מול השונה,/news/modiin-news-448/,same address
https://www.modiin4u.co.il/news/modiin-news-449/,/news/modiin-news-449/,news,articles,e4b16ed5-c046-4707-a37a-b3753c8dfb11,אחרי עשור של הצלחות: זו המנהלת שתיכנס לנעליה הגדולות של ליאת וגשל במדרשת אמית,/news/modiin-news-449/,same address
https://www.modiin4u.co.il/news/modiin-news-450/,/news/modiin-news-450/,news,articles,0e95838a-4e1f-41d0-8a96-08411416b7b6,החופש הגדול מתחיל: כך תיהנו מקיץ בלתי נשכח במודיעין (ועם 50% הנחה בכל מקום!),/news/modiin-news-450/,same address
https://www.modiin4u.co.il/news/modiin-news-451/,/news/modiin-news-451/,news,articles,b920caa1-b38c-46bf-a51b-adb044a54604,"רוח חדשה ב""ניצנים"": הכירו את המנהלת שנבחרה להוביל את בית הספר בשנה הבאה",/news/modiin-news-451/,same address
https://www.modiin4u.co.il/news/modiin-news-452/,/news/modiin-news-452/,news,articles,b9414707-0d46-4585-8c9c-f396985282c7,"2,169 שנים אחרי המרד: הלפיד שחיבר את ההיסטוריה של מודיעין ללב המכביה",/news/modiin-news-452/,same address
https://www.modiin4u.co.il/news/modiin-news-453/,/news/modiin-news-453/,news,articles,18b1f9c6-7380-4293-b65b-957eecc57675,פרשת חוקת: מעלת החוק – למרות שאינו מובן,/news/modiin-news-453/,same address
https://www.modiin4u.co.il/news/modiin-news-454/,/news/modiin-news-454/,news,articles,72b812f7-234d-483a-b596-0987dc1f10d1,תגבור קו 162 ממודיעין לראשון לציון בקיץ: כל הפרטים על שינוי המסלול והתדירות,/news/modiin-news-454/,same address
https://www.modiin4u.co.il/news/modiin-news-455/,/news/modiin-news-455/,news,articles,c99e778f-f491-44a8-b1c8-c9d80d9da0ff,"היחיד בעיר! המהפכה המטורפת שמגיעה לאורט עירוני ד' והשאירה את מנכ""ל משרד החינוך בהלם",/news/modiin-news-455/,same address
https://www.modiin4u.co.il/news/modiin-news-456/,/news/modiin-news-456/,news,articles,db4a192a-f0be-4e7e-a4ba-bfffd56f3740,"עיריית מודיעין מבצע אכיפה: עשרות דוחות על רעש, חניה וקורקינטים חשמליים",/news/modiin-news-456/,same address
https://www.modiin4u.co.il/news/modiin-news-457/,/news/modiin-news-457/,news,articles,91a5d033-f52d-4b56-be8e-20adb7f4a0b4,הדמעות שלא יבשו: המשפחות השכולות וראש העיר התייחדו בטקס מרגש בעירוני א',/news/modiin-news-457/,same address
https://www.modiin4u.co.il/news/modiin-news-458/,/news/modiin-news-458/,news,articles,faa58e87-e686-42f9-88d1-a86e171a29c1,"בחינם לחלוטין ובדיוק בזמן לקיץ: המהלך החדש שישנה את הדרך שלכם לתל אביב בסופ""ש!",/news/modiin-news-458/,same address
https://www.modiin4u.co.il/news/modiin-news-459/,/news/modiin-news-459/,news,articles,88c48606-946a-4112-a172-91ab97ed43db,"חוגגים 30 לעיר: נועה קירל, חנן בן ארי ועדן בן זקן מגיעים למודיעין! לוח האירועים המלא לקיץ 2026",/news/modiin-news-459/,same address
https://www.modiin4u.co.il/news/modiin-news-460/,/news/modiin-news-460/,news,articles,f425317d-1d1a-491b-97cf-97751b8eda6c,פרשת בלק: מתי להיות ומתי לשמור על דיסטנס,/news/modiin-news-460/,same address
https://www.modiin4u.co.il/news/modiin-news-461/,/news/modiin-news-461/,news,articles,795cc4e5-020c-46fa-9222-3cdcbd68643a,מהפכת הארנונה במודיעין: המהלך הדרמטי שיוריד את המחירים במרכז העיר?,/news/modiin-news-461/,same address
https://www.modiin4u.co.il/news/modiin-news-462/,/news/modiin-news-462/,news,articles,730fc8ed-79a8-4e8b-af75-dc7898f54d77,פרשת פנחס: דמותו של מנהיג,/news/modiin-news-462/,same address
https://www.modiin4u.co.il/news/modiin-news-463/,/news/modiin-news-463/,news,articles,71709fd8-e06d-4c4f-847e-1b251d986154,מהפכה במחזור במודיעין: איסוף הנייר משתנה – כך זה ייראה בקרוב,/news/modiin-news-463/,same address
https://www.modiin4u.co.il/news/modiin-news-464/,/news/modiin-news-464/,news,articles,94377c6d-b5f7-45e7-841d-b9b775a74d23,מהפכת התשתיות במודיעין: עבודות לילה נרחבות ברחוב לב העיר ובעמק דותן,/news/modiin-news-464/,same address
https://www.modiin4u.co.il/news/modiin-news-465/,/news/modiin-news-465/,news,articles,4ec3fbda-cb75-4701-a181-a088a33aab0e,שכונת המעיינות יוצאת לדרך: כל הפרטים על השכונה החדשה של מודיעין,/news/modiin-news-465/,same address
https://www.modiin4u.co.il/news/modiin-news-466/,/news/modiin-news-466/,news,articles,2c303cab-a46a-4d3d-a14b-57ec636f8b6b,פרשת מטות מסעי: הכעס והשלכותיו,/news/modiin-news-466/,same address
https://www.modiin4u.co.il/news/modiin-news-467/,/news/modiin-news-467/,news,articles,5ecaed35-f291-4b9e-bde9-73b41eb5efa7,פרשת דברים: חרדת הנטישה והשלכותיה,/news/modiin-news-467/,same address
https://www.modiin4u.co.il/news/modiin-news-468/,/news/modiin-news-468/,news,articles,aca8b7a4-27e1-4371-aa8a-92d3b1368c50,יעקב אביב מגלה מה הופך את שלב הגמרים לשלב הקריטי ביותר בפרויקט,/news/modiin-news-468/,same address
https://www.modiin4u.co.il/news/modiin-news-469/,/news/modiin-news-469/,news,articles,3378ae72-48dd-43a3-a00f-c34cc42df6d1,מדוע אנשי רכש בארגונים גדולים חייבים לדעת טקטיקות של משא ומתן?,/news/modiin-news-469/,same address
https://www.modiin4u.co.il/news/modiin-news-470/,/news/modiin-news-470/,news,articles,5af12a12-3a79-4db5-b682-84946cf9e199,20 שנה אחרי: הערב במודיעין שהשאיר אולם שלם ללא מילים,/news/modiin-news-470/,same address
https://www.modiin4u.co.il/news/modiin-news-471/,/news/modiin-news-471/,news,articles,34b4315a-7f2d-4c63-9195-b6ffecf5c548,הלב של מודיעין פועם חזק: 25 אמני העיר ביוזמה מרגשת שלא תוכלו להישאר אליה אדישים,/news/modiin-news-471/,same address
https://www.modiin4u.co.il/news/modiin-news-472/,/news/modiin-news-472/,news,articles,cf5e6040-6d3a-4208-bb50-1df8c642a4e7,25 לכודים תחת ההריסות: כך נראה רגע האמת של יחידת החילוץ במודיעין,/news/modiin-news-472/,same address
https://www.modiin4u.co.il/news/modiin-news-473/,/news/modiin-news-473/,news,articles,72477da0-69b7-4d7d-983c-ffea390c6690,מהפכת הרכבים החשמליים במודיעין: כאן תמצאו את עמדות הטעינה החדשות (וכמה שעתיים החניה הראשונות יעלו לכם),/news/modiin-news-473/,same address
https://www.modiin4u.co.il/news/modiin-news-474/,/news/modiin-news-474/,news,articles,59ddf24f-6f24-42e3-a8e1-2e875239170d,פרשת ואתחנן: התמונה המנצחת לנצח,/news/modiin-news-474/,same address
https://www.modiin4u.co.il/news/modiin-news-475/,/news/modiin-news-475/,news,articles,634eed73-bdf0-4f16-b900-870269ee1c2b,רעיונות לחופשות מיוחדות למשפחות שמחפשות שינוי אמיתי מהשגרה,/news/modiin-news-475/,same address
https://www.modiin4u.co.il/news/modiin-news-476/,/news/modiin-news-476/,news,articles,3bc08b17-33ea-49cd-bc95-158489230b4d,"""הלילה לא לומדים תורה"": המפגש הטעון במודיעין שהוכיח – האם החברה הישראלית בדרך לפיצוץ או לאיחוי?",/news/modiin-news-476/,same address
https://www.modiin4u.co.il/news/modiin-news-477/,/news/modiin-news-477/,news,articles,f0041ceb-8973-4abb-8082-9261630027dc,"""לא מוותרים עליהם"": חודש שכולו צמרמורת בסניף בני עקיבא במודיעין לזכר 8 הבוגרים שנפלו",/news/modiin-news-477/,same address
https://www.modiin4u.co.il/news/modiin-news-478/,/news/modiin-news-478/,news,articles,3a7879c1-56d3-4133-bfaa-84519d6263fc,חגיגות 30 למודיעין יוצאות לדרך: כל מה שחייבים לדעת על פסטיבל היין והמופע הענק של עדן בן זקן,/news/modiin-news-478/,same address
https://www.modiin4u.co.il/news/modiin-news-479/,/news/modiin-news-479/,news,articles,9d4236a8-99c0-4c2e-9589-313392f49d9c,הסוכן שהצליח לכבוש את מודיעין: כך נבנתה אימפריה מקומית,/news/modiin-news-479/,same address
https://www.modiin4u.co.il/news/modiin-news-480/,/news/modiin-news-480/,news,articles,06982645-6975-4aae-9b98-dc0031607ac4,בשורה לתושבי מודיעין: מתחילים לנקות יסודי את מרכז העיר,/news/modiin-news-480/,same address
https://www.modiin4u.co.il/news/modiin-news-481/,/news/modiin-news-481/,news,articles,3659d544-f125-47d4-9db4-aca612a644ff,נגמרו הדפיקות בלב: הכלי החדש שיסדר להורים במודיעין את הרישום לצהרונים בשניות,/news/modiin-news-481/,same address
https://www.modiin4u.co.il/news/modiin-news-482/,/news/modiin-news-482/,news,articles,312ea498-77ca-4852-bfd7-463f6fadaf0c,סוף לדאגות המחזור: מודיעין עוברת למודל חדש ויעיל שיעשה לכם סדר בעיניים,/news/modiin-news-482/,same address
https://www.modiin4u.co.il/news/modiin-news-483/,/news/modiin-news-483/,news,articles,ed0b9fea-cfb8-47fa-998d-eda87f980f2d,חגיגה ענקית במודיעין: אליפות ישראל בקפוארה הוכיחה שספורט יכול לחבר את כולם,/news/modiin-news-483/,same address
https://www.modiin4u.co.il/news/modiin-news-484/,/news/modiin-news-484/,news,articles,0699c199-0d55-4c46-8149-49278ec0a21c,פרשת ראה: הסביבה כבסיס לתכלית החיים,/news/modiin-news-484/,same address
https://www.modiin4u.co.il/news/modiin-news-485/,/news/modiin-news-485/,news,articles,09631b97-468c-473a-9690-e8300f10376c,דוגמאות לטעויות יקרות בבנייה פרטית שמפקח בנייה טוב יכול למנוע,/news/modiin-news-485/,same address
https://www.modiin4u.co.il/news/modiin-news-486/,/news/modiin-news-486/,news,articles,4dd483eb-8624-4915-bd32-04b85cd57373,תואר הנדסאי קרוב לבית: המרכז הרב־תחומי במודיעין ומכללת אורט ירושלים פותחים מסלולים חדשים,/news/modiin-news-486/,same address
https://www.modiin4u.co.il/news/modiin-news-487/,/news/modiin-news-487/,news,articles,d2d30231-95ca-4f77-bbc6-d3d1953a2a19,מעכשיו נושמות לרווחה: המהלך העירוני החדש שיעניק לנשים במודיעין ביטחון מלא וכלים להצלחה,/news/modiin-news-487/,same address
https://www.modiin4u.co.il/news/modiin-news-488/,/news/modiin-news-488/,news,articles,ed8f879d-a34c-473d-b9c2-5d6346a49abc,איך בונים מערך שירות יעיל לעסק שנמצא בצמיחה מתמדת,/news/modiin-news-488/,same address
https://www.modiin4u.co.il/news/modiin-news-489/,/news/modiin-news-489/,news,articles,0edd03d1-dd7c-46f3-a54f-2ee7ddfc3b06,אינסטלטור או ביובית? המדריך שחוסך לתושבי מודיעין מאות שקלים,/news/modiin-news-489/,same address
https://www.modiin4u.co.il/news/modiin-news-490/,/news/modiin-news-490/,news,articles,c5bf1010-eb82-409c-99c0-31f2e9fa1b9d,כבוד לעיר: עירוני מודיעין כבשה את בית הנשיא וקטפה הישג מרגש,/news/modiin-news-490/,same address
https://www.modiin4u.co.il/news/modiin-news-491/,/news/modiin-news-491/,news,articles,db47e96e-c34f-42bf-b79c-3d27cdfc5598,הכתובת שלכם לשקט נפשי: פתרון אחד שיפתח לכם את שנת החוגים בראש שקט,/news/modiin-news-491/,same address
https://www.modiin4u.co.il/news/modiin-news-492/,/news/modiin-news-492/,news,articles,aad8ec56-8281-4d82-875a-0414f92d170f,ממילואים לגלידה מושלמת: הלוחם שנפצע במלחמה ופותח את הגלידרייה החדשה במודיעין,/news/modiin-news-492/,same address
https://www.modiin4u.co.il/news/modiin-news-493/,/news/modiin-news-493/,news,articles,1e914b42-a0c9-4a8e-9d6b-c6174d4bee7c,פרשת כי תצא,/news/modiin-news-493/,same address
https://www.modiin4u.co.il/news/modiin-news-494/,/news/modiin-news-494/,news,articles,1d393bb0-4d95-43a5-8576-c50df39e79ef,גאווה במודיעין: מורים בתיכון מקומי יקבלו אלפי שקלים בעקבות זכייה היסטורית בתואר הנחשק של משרד החינוך,/news/modiin-news-494/,same address
https://www.modiin4u.co.il/news/modiin-news-495/,/news/modiin-news-495/,news,articles,1370d4f7-a796-4b46-b178-9c33b8231577,מדליית ארד באליפות העולם: גאווה ענקית למודיעין ולספורטאית הצעירה אגם נוי,/news/modiin-news-495/,same address
https://www.modiin4u.co.il/news/modiin-news-496/,/news/modiin-news-496/,news,articles,cc99f722-ec88-468e-8a04-3dc64f56fac8,"בשורה לרוכבים: אירוע ""מודיעין רוכבת 2026"" חוזר ובגדול עם מסלולים לכל המשפחה",/news/modiin-news-496/,same address
https://www.modiin4u.co.il/news/modiin-news-497/,/news/modiin-news-497/,news,articles,5624a50c-6d26-4f09-95db-41b93f9cb2ad,כבוד ענק לעיר: בית הספר הוותיק במודיעין קוטף את פרס החינוך הארצי ומוכיח שאפשר לעשות חינוך אחרת,/news/modiin-news-497/,same address
https://www.modiin4u.co.il/news/modiin-news-498/,/news/modiin-news-498/,news,articles,4b997667-1aab-40c0-9e7d-91e9a6621a77,סוף לדאגות ההורים: ליאת גלייזר היא המנהלת החדשה של בית הספר חופים במודיעין,/news/modiin-news-498/,same address
https://www.modiin4u.co.il/news/modiin-news-499/,/news/modiin-news-499/,news,articles,3ce7c2b2-9f86-4618-a14e-f02e21e051e0,פרשת כי תבוא: הכרת הטוב כמבוא לשמחה,/news/modiin-news-499/,same address
https://www.modiin4u.co.il/news/modiin-news-500/,/news/modiin-news-500/,news,articles,c8aed1b1-42a5-4d04-8682-4a7f82a03a1c,"חדשות טובות לחיילים: קו 25 עדיין כאן, אבל הוא חייב אתכם כדי לשרוד את הסכנה",/news/modiin-news-500/,same address
https://www.modiin4u.co.il/news/modiin-news-501/,/news/modiin-news-501/,news,articles,c0ee98da-4bca-4093-b28f-e8b55459576c,נגמרו ההתלבטות והלחץ: יריד החוגים של עמותת סחלבים פתח את השנה במאות משתתפים ונתן להורים שקט בבחירה,/news/modiin-news-501/,same address
https://www.modiin4u.co.il/news/modiin-news-502/,/news/modiin-news-502/,news,articles,2bac255b-cf28-4895-b32f-707f48137ce2,"הנצחה בלב השכונה: משעול חדש ברעות יונח לזכרו של סרן במיל' טל מובשוביץ ז""ל",/news/modiin-news-502/,same address
https://www.modiin4u.co.il/news/modiin-news-503/,/news/modiin-news-503/,news,articles,05e2d8a5-9644-46aa-9034-0140a761a8e6,היערכות לחגי תשרי במודיעין: מבצע הניקיון הענק שיעשה לכם סדר בעיניים,/news/modiin-news-503/,same address
https://www.modiin4u.co.il/news/modiin-news-504/,/news/modiin-news-504/,news,articles,d0795c40-67e2-43af-b7d0-e44069ccff7e,"עיריית מודיעין מאמצת את יחידת המסתערבים של מג""ב ירושלים",/news/modiin-news-504/,same address
https://www.modiin4u.co.il/news/modiin-news-505/,/news/modiin-news-505/,news,articles,945c37e9-4a5f-4b5e-a0cd-3808102ffc68,"שנת הלימודים תשפ""ז במודיעין נפתחת: כל הנתונים והמספרים מאחורי הצלצול הראשון",/news/modiin-news-505/,same address
https://www.modiin4u.co.il/news/modiin-news-506/,/news/modiin-news-506/,news,articles,876394e1-581c-4f7b-b4fe-c4b6f1f1b468,הנחה על טעינת רכב חשמלי במודיעין: הוזלה משמעותית בחניון מורשת,/news/modiin-news-506/,same address
https://www.modiin4u.co.il/news/modiin-news-507/,/news/modiin-news-507/,news,articles,586f653d-af1c-44ec-82d8-57df638060c2,"פרשת ניצבים וילך: התירוץ שלא צלח, שזכה לגילוי אליהו",/news/modiin-news-507/,same address
https://www.modiin4u.co.il/news/modiin-news-508/,/news/modiin-news-508/,news,articles,304811e1-84e2-4299-b6e4-243a047a0aed,"הישג אדיר באליפות אירופה: שחיינית מודיעין בת 80 קטפה זהב והקדישה אותו לזכר סרן עדן נימרי ז""ל",/news/modiin-news-508/,same address
https://www.modiin4u.co.il/news/modiin-news-510/,/news/modiin-news-510/,news,articles,bd777927-f84a-4eec-903d-5055aa3ad86a,שטחי מסחר למכירה מדריך מקיף לבחירת הנכס המסחרי הנכון,/news/modiin-news-510/,same address
https://www.modiin4u.co.il/news/modiin-news-509/,/news/modiin-news-509/,news,articles,30367842-6556-4ff8-9a3a-2bef6e3e9f1e,איך לבחור קליניקה להשכרה,/news/modiin-news-509/,same address
https://www.modiin4u.co.il/news/modiin-news-511/,/news/modiin-news-511/,news,articles,110bde3a-6b75-454a-9809-1849d240021d,הנצחה בלב השכונה: נחנך משעול לזכר סרן במיל׳ טל מובשוביץ ז״ל ברעות,/news/modiin-news-511/,same address
https://www.modiin4u.co.il/news/modiin-news-512/,/news/modiin-news-512/,news,articles,b18fff51-7c0a-4502-b534-42d194dfae9b,כבוד למורשת: בית הספר לחינוך מיוחד פסיפס במודיעין ייקרא על שמו של סאלי ביין,/news/modiin-news-512/,same address
https://www.modiin4u.co.il/news/modiin-news-513/,/news/modiin-news-513/,news,articles,48e9ef8e-0abc-4761-9c53-47c482a95259,ערב ראש השנה: תפוח בדבש,/news/modiin-news-513/,same address
https://www.modiin4u.co.il/news/modiin-news-514/,/news/modiin-news-514/,news,articles,54680683-ca8d-40d9-9a14-3c7706b59e5d,"הקלה משמעותית לתושבים: מאות משרתי מילואים, פצועי צה""ל ובני משפחותיהם קיבלו מענה מרוכז במודיעין",/news/modiin-news-514/,same address
https://www.modiin4u.co.il/news/modiin-news-515/,/news/modiin-news-515/,news,articles,b8bcf368-0a63-4b60-a484-2917eccdb6fa,מחזור הנייר במודיעין חוזר לשטח: העירייה החלה בהצבת עשרות מכלים כחולים חדשים,/news/modiin-news-515/,same address
https://www.modiin4u.co.il/news/modiin-news-516/,/news/modiin-news-516/,news,articles,afce0c3d-725a-4291-a44c-1da0b523f7eb,שדרוג רחוב יהלום במודיעין: עבודות סלילה מדורגות והסדרי תנועה חדשים,/news/modiin-news-516/,same address
https://www.modiin4u.co.il/news/modiin-news-517/,/news/modiin-news-517/,news,articles,f5d382a1-1776-457a-95b1-acd2d5812fc8,"היערכות מיוחדת ליום הכיפורים במודיעין: מחסומים בכניסות לעיר, תגבור אבטחה בבתי הכנסת וכל מה שצריך לדעת",/news/modiin-news-517/,same address
https://www.modiin4u.co.il/news/modiin-news-518/,/news/modiin-news-518/,news,articles,67984d6b-db32-4858-a22b-ac337178b1b4,הרהורים ערב יום הכיפורים: הופס טעיתי…,/news/modiin-news-518/,same address
https://www.modiin4u.co.il/news/modiin-parking/,/news/modiin-parking/,news,articles,2e797af0-9f3b-4b4b-9254-53eb484e0951,"חנייה בלב מודיעין: המדריך המלא והעדכני לכל החניונים במע""ר!",/news/modiin-parking/,same address
https://www.modiin4u.co.il/news/modiin-news-519/,/news/modiin-news-519/,news,articles,c9b2854f-6bf1-43d4-9b42-3ef8ce9c16f9,ספרייה חכמה נוספת נפתחת במודיעין: שירותי ההשאלה מגיעים למוריה סנטר,/news/modiin-news-519/,same address
https://www.modiin4u.co.il/news/modiin-news-520/,/news/modiin-news-520/,news,articles,b9998f25-4d2c-483d-9b08-0b469670fbae,סליחה לאור זריחה בענבה: מסורת מרגשת לפתיחת ימי הסליחות במודיעין,/news/modiin-news-520/,same address
https://www.modiin4u.co.il/news/modiin-news-521/,/news/modiin-news-521/,news,articles,157e81c4-53e9-4129-b0d8-386844466172,משפחות מארחות בשעת חירום במודיעין: העירייה מקימה מאגר תמיכה חדש לנוער במצבי משבר,/news/modiin-news-521/,same address
https://www.modiin4u.co.il/news/modiin-news-522/,/news/modiin-news-522/,news,articles,f7292cf2-fca1-40ae-833e-9733e5778e75,תפילה בוקעת רקיעים: ערב סליחות מרגש במדרשת אמית מודיעין,/news/modiin-news-522/,same address
https://www.modiin4u.co.il/news/modiin-news-523/,/news/modiin-news-523/,news,articles,180cc6c1-7b22-4d0b-a2cb-037e510693d2,ערב חג הסוכות: ייחודיות ארבעת בני הסוכה,/news/modiin-news-523/,same address
https://www.modiin4u.co.il/apartments/,/apartments/,apartments,,,,/realestate,section page
https://www.modiin4u.co.il/apartments/%d7%93%d7%99%d7%a8%d7%94-2631/,/apartments/דירה-2631/,apartments,,,דירה #2631,/realestate,no match — redirect to section
https://www.modiin4u.co.il/apartments/%d7%93%d7%99%d7%a8%d7%94-2637/,/apartments/דירה-2637/,apartments,,,דירה #2637,/realestate,no match — redirect to section
https://www.modiin4u.co.il/apartments/%d7%93%d7%99%d7%a8%d7%94-2635/,/apartments/דירה-2635/,apartments,,,דירה #2635,/realestate,no match — redirect to section
https://www.modiin4u.co.il/apartments/%d7%93%d7%99%d7%a8%d7%94-%d7%9e%d7%95%d7%a8%d7%a9%d7%aa-%d7%a9%d7%95%d7%9e%d7%9b%d7%a8/,/apartments/דירה-מורשת-שומכר/,apartments,,,דירה במורשת,/realestate,no match — redirect to section
https://www.modiin4u.co.il/real-estate-agents/,/real-estate-agents/,real-estate-agents,,,,/realestate,section page
https://www.modiin4u.co.il/real-estate-agents/%d7%9c%d7%91-%d7%94%d7%a0%d7%93%d7%9c%d7%b4%d7%9f/,/real-estate-agents/לב-הנדל״ן/,real-estate-agents,,,לב הנדל״ן,/realestate,no match — redirect to section
https://www.modiin4u.co.il/real-estate-agents/%d7%90%d7%9c-%d7%a8%d7%9d-%d7%a0%d7%93%d7%9c%d7%9f/,/real-estate-agents/אל-רם-נדלן/,real-estate-agents,,,אל-רם נדל״ן,/realestate,no match — redirect to section
https://www.modiin4u.co.il/real-estate-agents/%d7%a9%d7%95%d7%9e%d7%9b%d7%a8-%d7%9e%d7%95%d7%93%d7%99%d7%a2%d7%99%d7%9f/,/real-estate-agents/שומכר-מודיעין/,real-estate-agents,,,שומכר,/realestate,no match — redirect to section
https://www.modiin4u.co.il/real-estate-agents/barak-gomel/,/real-estate-agents/barak-gomel/,real-estate-agents,,,ברק גומל – מתווך נדל״ן מסחרי במודיעין,/realestate,no match — redirect to section
https://www.modiin4u.co.il/professionals/,/professionals/,professionals,,,,/businesses,section page
https://www.modiin4u.co.il/professionals/clicking/,/professionals/clicking/,professionals,businesses,b1e2e33c-ad4e-409e-9e80-7aa7e3bcc7e8,clicking,/business/clicking/,redirect to its slug
https://www.modiin4u.co.il/professionals/%d7%99%d7%a9%d7%a8%d7%90%d7%9c-%d7%9c%d7%95%d7%99-%d7%97%d7%a9%d7%9e%d7%9c%d7%90%d7%99-%d7%91%d7%9e%d7%95%d7%93%d7%99%d7%a2%d7%99%d7%9f-%d7%9e%d7%9b%d7%91%d7%99%d7%9d-%d7%a8%d7%a2%d7%95%d7%aa/,/professionals/ישראל-לוי-חשמלאי-במודיעין-מכבים-רעות/,professionals,businesses,dd3a7b2d-9359-4239-beff-374d07d91129,ישראל לוי,/business/ישראל-לוי-חשמלאי-במודיעין-מכבים-רעות/,redirect to its slug
https://www.modiin4u.co.il/professionals/%d7%93%d7%a7%d7%a8-%d7%91%d7%9f-%d7%99%d7%9e%d7%99%d7%9f/,/professionals/דקר-בן-ימין/,professionals,businesses,270aa0a6-8f14-443b-bcf2-1ee56c981402,דקר בן ימין,/business/דקר-בן-ימין/,redirect to its slug
https://www.modiin4u.co.il/professionals/%d7%90%d7%9c%d7%93%d7%93-%d7%a0%d7%95%d7%a0%d7%94/,/professionals/אלדד-נונה/,professionals,businesses,b78d6293-e6ea-4024-9d06-d54b62484d1b,אלדד נונה – טכנאי מקררים,/business/אלדד-נונה/,redirect to its slug
https://www.modiin4u.co.il/professionals/dub-law-modiin/,/professionals/dub-law-modiin/,professionals,businesses,11d9f910-08ae-46cc-8797-160de8638354,דאב ושות׳ משרד עורכי דין ונוטריון,/business/dub-law-modiin/,redirect to its slug
https://www.modiin4u.co.il/professionals/lak-gell-modiin/,/professionals/lak-gell-modiin/,professionals,,,לק ג׳ל במודיעין – sk nails,/businesses,no match — redirect to section
https://www.modiin4u.co.il/business/,/business/,business,,,,/businesses,section page
https://www.modiin4u.co.il/business/%d7%90%d7%99%d7%9c%d7%a0%d7%99%d7%aa-%d7%91%d7%9f-%d7%99%d7%9e%d7%99%d7%9f-%d7%90%d7%a1%d7%aa%d7%98%d7%99%d7%a7%d7%94-%d7%95%d7%99%d7%95%d7%a4%d7%99/,/business/אילנית-בן-ימין-אסתטיקה-ויופי/,business,businesses,10c1e580-221a-4898-a868-79357b249d81,אילנית בן ימי,/business/אילנית-בן-ימין-אסתטיקה-ויופי/,same address
https://www.modiin4u.co.il/business/%d7%90%d7%9e%d7%a8%d7%99%d7%a7%d7%9f-%d7%98%d7%99%d7%99%d7%9e%d7%a1/,/business/אמריקן-טיימס/,business,businesses,6a5028a3-d810-4728-a5a6-5f915711e85a,אמריקן טיימס,/business/אמריקן-טיימס/,same address
https://www.modiin4u.co.il/business/%d7%9e%d7%95%d7%93%d7%a0%d7%94-%d7%9e%d7%93%d7%99%d7%a7%d7%9c-%d7%9e%d7%95%d7%93%d7%99%d7%a2%d7%99%d7%9f/,/business/מודנה-מדיקל-מודיעין/,business,businesses,a9ef788c-de0c-42ae-a2ba-83482dd730b3,מונה מדיקל,/business/מודנה-מדיקל-מודיעין/,same address
https://www.modiin4u.co.il/business/%d7%96%d7%99%d7%a8%d7%aa-%d7%94%d7%9c%d7%99%d7%99%d7%96%d7%a8-%d7%9e%d7%95%d7%93%d7%99%d7%a2%d7%99%d7%9f/,/business/זירת-הלייזר-מודיעין/,business,businesses,07878872-2f26-41cd-8204-e78a255b8ef1,זירת הלייזר,/business/זירת-הלייזר-מודיעין/,same address
https://www.modiin4u.co.il/business/%d7%92%d7%99%d7%9c%d7%aa-%d7%a7%d7%95%d7%a1%d7%9e%d7%98%d7%99%d7%a7%d7%a1/,/business/גילת-קוסמטיקס/,business,businesses,aabda833-abe1-4c70-afff-b5dafeff6ff2,גילת קוסמטיקס,/business/גילת-קוסמטיקס/,same address
https://www.modiin4u.co.il/business/%d7%a4%d7%90%d7%a4%d7%99%d7%b3%d7%a1-%d7%a9%d7%95%d7%90%d7%95/,/business/פאפי׳ס-שואו/,business,businesses,a8f791e9-97b1-4009-8211-05cbc63d76e4,פאפי׳ס שואו,/business/פאפי׳ס-שואו/,same address
https://www.modiin4u.co.il/business/%d7%94%d7%99%d7%9c%d7%99-%d7%a4%d7%95%d7%9f/,/business/הילי-פון/,business,businesses,efefcfbe-b9e6-43d1-ab77-e60fb1d219cf,הילי פון,/business/הילי-פון/,same address
https://www.modiin4u.co.il/business/%d7%a9%d7%a0%d7%aa%d7%98%d7%99%d7%a7%d7%a1-%d7%9e%d7%95%d7%93%d7%99%d7%a2%d7%99%d7%9f/,/business/שנתטיקס-מודיעין/,business,businesses,42ec3d02-fbac-4e3b-aee4-4794ab8d0eb3,שנתטיקס,/business/שנתטיקס-מודיעין/,same address
https://www.modiin4u.co.il/business/%d7%a1%d7%99%d7%a0%d7%99-%d7%91%d7%95%d7%98%d7%99%d7%a7-%d7%93%d7%92%d7%99%d7%9d-%d7%91%d7%9e%d7%95%d7%93%d7%99%d7%a2%d7%99%d7%9f/,/business/סיני-בוטיק-דגים-במודיעין/,business,businesses,d8afd29e-ef58-4536-9640-8e9ecb8743d0,סיני בוטיק דגים,/business/סיני-בוטיק-דגים-במודיעין/,same address
https://www.modiin4u.co.il/business/%d7%9e%d7%90%d7%92-5-%d7%9c%d7%99%d7%a1%d7%99%d7%a0%d7%92-%d7%9e%d7%95%d7%93%d7%99%d7%a2%d7%99%d7%9f/,/business/מאג-5-ליסינג-מודיעין/,business,businesses,deccb723-1d53-43b1-95bc-b99d72b1f567,מאג 5,/business/מאג-5-ליסינג-מודיעין/,same address
https://www.modiin4u.co.il/business/%d7%94%d7%91%d7%90%d7%92%d7%98-%d7%a9%d7%9c-%d7%90%d7%95%d7%a4%d7%a7/,/business/הבאגט-של-אופק/,business,businesses,84e8521c-8521-4f26-9d54-d3019767f594,הבאגט של אופק,/business/הבאגט-של-אופק/,same address
https://www.modiin4u.co.il/business/%d7%90%d7%95%d7%a1%d7%a0%d7%aa-%d7%91%d7%a8-%d7%92%d7%99%d7%9c/,/business/אוסנת-בר-גיל/,business,businesses,e9c68cf4-877b-490d-9929-c4661f459dab,אוסנת בר-גיל,/business/אוסנת-בר-גיל/,same address
https://www.modiin4u.co.il/business/%d7%a7%d7%a4%d7%94-%d7%a8%d7%95%d7%9e%d7%99/,/business/קפה-רומי/,business,businesses,ecad6b5c-b050-4918-9f3c-de921eb2b974,קפה רומי,/business/קפה-רומי/,same address
https://www.modiin4u.co.il/business/%d7%9e%d7%90%d7%a0%d7%a6%d7%b3/,/business/מאנצ׳/,business,businesses,65ab8d6d-4baa-42c6-8c7d-8765319b7eb5,מאנצ׳ חנות נוחות,/business/מאנצ׳/,same address
https://www.modiin4u.co.il/business/%d7%90%d7%95%d7%a1%d7%a4%d7%99%d7%9d/,/business/אוספים/,business,businesses,1e9ef499-a7ca-46d1-a51e-3298275e3873,אוספים,/business/אוספים/,same address
https://www.modiin4u.co.il/business/%d7%92%d7%a8%d7%95%d7%96%d7%94/,/business/גרוזה/,business,businesses,ee8cc4f5-46ab-4588-a9bf-ee0418c39d74,גרוזה,/business/גרוזה/,same address
https://www.modiin4u.co.il/business/%d7%90%d7%95%d7%a4%d7%98%d7%99%d7%a7%d7%94-%d7%95%d7%9e%d7%a9%d7%a7%d7%a4%d7%99%d7%99%d7%9d-%d7%9e%d7%95%d7%93%d7%99%d7%a2%d7%99%d7%9f-eyeland/,/business/אופטיקה-ומשקפיים-מודיעין-eyeland/,business,businesses,8fcce1ab-225d-453b-aea0-cdc42f8132bc,אופטיקה ומשקפיים מודיעין - Eyeland,/business/אופטיקה-ומשקפיים-מודיעין-eyeland/,same address
https://www.modiin4u.co.il/business/ayala-travrl/,/business/ayala-travrl/,business,businesses,4f865295-4cfc-4447-856b-620dd65d33db,AYALA TRAVRL,/business/ayala-travrl/,same address
https://www.modiin4u.co.il/business/%d7%a6%d7%9e%d7%99%d7%92%d7%99-%d7%9c%d7%99%d7%92%d7%93/,/business/צמיגי-ליגד/,business,businesses,c3c1da8f-0418-4c49-a848-a371aae49e1d,צמיגי ליגד,/business/צמיגי-ליגד/,same address
https://www.modiin4u.co.il/business/%d7%93%d7%a8-%d7%90%d7%95%d7%a8%d7%99-%d7%9c%d7%99%d7%91%d7%95%d7%91%d7%99%d7%a5-%d7%95%d7%98%d7%a8%d7%99%d7%a0%d7%a8-%d7%a2%d7%93-%d7%94%d7%91%d7%99%d7%aa/,/business/דר-אורי-ליבוביץ-וטרינר-עד-הבית/,business,businesses,b1f09b98-14b0-4e47-9547-b300e4656136,"ד""ר אורי ליבוביץ",/business/דר-אורי-ליבוביץ-וטרינר-עד-הבית/,same address
https://www.modiin4u.co.il/business/%d7%a9%d7%99%d7%94-%d7%9e%d7%95%d7%93%d7%99%d7%a2%d7%99%d7%9f/,/business/שיה-מודיעין/,business,businesses,886e3e4a-bf66-432e-8a72-b71d685003e9,שיה,/business/שיה-מודיעין/,same address
https://www.modiin4u.co.il/business/%d7%98%d7%95%d7%91%d7%99%d7%a4%d7%99%d7%98-%d7%9e%d7%95%d7%93%d7%99%d7%a2%d7%99%d7%9f/,/business/טוביפיט-מודיעין/,business,businesses,fa6340a4-fe37-490f-b2db-2de66b6faa12,טוביפיט,/business/טוביפיט-מודיעין/,same address
https://www.modiin4u.co.il/business/%d7%9e%d7%95%d7%a8%d7%93-%d7%92%d7%99%d7%9c%d7%99%d7%a1/,/business/מורד-גיליס/,business,businesses,439d1a88-2006-428d-a63f-c037e08380c3,מורד גיליס,/business/מורד-גיליס/,same address
https://www.modiin4u.co.il/business/the-wine-stash/,/business/the-wine-stash/,business,businesses,4bceaebb-53b0-4263-9246-6f6cc2db0699,הווין סטאש - The wine stash,/business/the-wine-stash/,same address
https://www.modiin4u.co.il/business/%d7%90%d7%9e%d7%a8%d7%99%d7%9c%d7%99%d7%a1-amaryllis-%d7%9e%d7%9b%d7%95%d7%9f-%d7%99%d7%95%d7%a4%d7%99-%d7%95%d7%a7%d7%95%d7%a1%d7%9e%d7%98%d7%99%d7%a7%d7%94-%d7%91%d7%9e%d7%95%d7%93%d7%99%d7%a2/,/business/אמריליס-amaryllis-מכון-יופי-וקוסמטיקה-במודיע/,business,businesses,fa1f4da3-6b7c-4570-a911-d7122f9b6adc,אמריליס - Amaryllis,/business/אמריליס-amaryllis-מכון-יופי-וקוסמטיקה-במודיע/,same address
https://www.modiin4u.co.il/business/%d7%a7%d7%a6%d7%a8-%d7%9e%d7%95%d7%91%d7%99%d7%99%d7%9c-katsar-mobile/,/business/קצר-מובייל-katsar-mobile/,business,businesses,ece2e387-fab2-4d49-8a3e-2b1b6a3be701,קצר מובייל-KATSAR MOBILE,/business/קצר-מובייל-katsar-mobile/,same address
https://www.modiin4u.co.il/business/smoky-modiin/,/business/smoky-modiin/,business,businesses,c52106ec-9470-47db-a7bc-9c492a519fee,סמוקי מודיעין -מע״ר,/business/smoky-modiin/,same address
https://www.modiin4u.co.il/business/anat-medical-massage/,/business/anat-medical-massage/,business,businesses,babe4a93-4e23-468b-8395-82b06581ee04,ענת,/business/anat-medical-massage/,same address
https://www.modiin4u.co.il/business/modiin-lak-gel/,/business/modiin-lak-gel/,business,businesses,5c7445ae-d114-41d0-bde8-19f4e28583f2,לק ג׳ל במודיעין - sk nails,/business/modiin-lak-gel/,same address
https://www.modiin4u.co.il/business/et-%d7%97%d7%95%d7%95%d7%99%d7%94-%d7%9e%d7%9b%d7%95%d7%9b%d7%91-%d7%90%d7%97%d7%a8/,/business/et-חוויה-מכוכב-אחר/,business,businesses,b7615a6b-5480-4b4d-a157-448bc8e01099,ET חוויה מכוכב אחר,/business/et-חוויה-מכוכב-אחר/,same address
https://www.modiin4u.co.il/business/%d7%90%d7%95%d7%93%d7%99-%d7%95%d7%99%d7%a4-%d7%a2%d7%92%d7%9c%d7%aa-%d7%a7%d7%a4%d7%94-%d7%91%d7%9b%d7%a4%d7%a8-%d7%a8%d7%95%d7%aa/,/business/אודי-ויפ-עגלת-קפה-בכפר-רות/,business,businesses,2b692fe5-d682-428b-8b64-8e6cac557b38,אודי ויפ,/business/אודי-ויפ-עגלת-קפה-בכפר-רות/,same address
https://www.modiin4u.co.il/business/%d7%9b%d7%a0%d7%90%d7%a4%d7%94-%d7%91%d7%9e%d7%95%d7%93%d7%99%d7%a2%d7%99%d7%9f-%d7%90%d7%91%d7%95%d7%92%d7%95%d7%a9/,/business/כנאפה-במודיעין-אבוגוש/,business,businesses,a60370c6-6d4c-4486-af67-79e5e9e4e99a,כנאפה אבו גוש,/business/כנאפה-במודיעין-אבוגוש/,same address
https://www.modiin4u.co.il/business/%d7%9e%d7%a0%d7%93%d7%94-%d7%91%d7%a8/,/business/מנדה-בר/,business,businesses,f0563f24-c829-4bae-8df9-063d8c82543e,מנדה בר,/business/מנדה-בר/,same address
https://www.modiin4u.co.il/business/mali-ston/,/business/mali-ston/,business,businesses,9a6aae31-a2f1-42be-ba17-6b17ef1c74ee,מלי סיטון,/business/mali-ston/,same address
https://www.modiin4u.co.il/business/chen-cosmetics/,/business/chen-cosmetics/,business,businesses,e2fae7b4-0f3d-497b-95be-970b18e3ab28,חן קוסמטיקס - Chen cosmetics,/business/chen-cosmetics/,same address
https://www.modiin4u.co.il/business/eyal-levi-hair-designer-2/,/business/eyal-levi-hair-designer-2/,business,businesses,378d11ca-ae22-4630-9256-f24e18606cd7,תוספות שיער במודיעין - אייל לוי,/business/eyal-levi-hair-designer-2/,same address
https://www.modiin4u.co.il/business/marlaz-center-modiin/,/business/marlaz-center-modiin/,business,businesses,602ede9b-9484-4353-b590-2b061224584c,מרכז מרלז,/business/marlaz-center-modiin/,same address
https://www.modiin4u.co.il/business/malibo-center-modiin/,/business/malibo-center-modiin/,business,businesses,696a2d7a-afe8-48aa-86c5-2111951706f4,מליבו סנטר מודיעין,/business/malibo-center-modiin/,same address
https://www.modiin4u.co.il/business/casbah-modiin/,/business/casbah-modiin/,business,businesses,7e2c4c00-b33a-4720-98ff-d9a881ac1dbc,קסבה,/business/casbah-modiin/,same address
https://www.modiin4u.co.il/business/pepino-modiin/,/business/pepino-modiin/,business,businesses,74db8753-986d-4845-bb4f-75ec57acb1f9,פפינו מודיעין,/business/pepino-modiin/,same address
https://www.modiin4u.co.il/business/konmigo/,/business/konmigo/,business,businesses,8ea9ae62-8903-4b31-9d96-41f7785c972a,קונמיגו - מסעדת שף,/business/konmigo/,same address
https://www.modiin4u.co.il/business/%d7%aa%d7%a0%d7%93%d7%99-%d7%9e%d7%95%d7%93%d7%99%d7%a2%d7%99%d7%9f/,/business/תנדי-מודיעין/,business,businesses,dfdced80-954d-47ae-b20f-298555e290cf,תנדי מודיעין,/business/תנדי-מודיעין/,same address
https://www.modiin4u.co.il/business/oshi-oshi-mosiin/,/business/oshi-oshi-mosiin/,business,businesses,92f2f5c6-a0a3-45a3-998d-bb6b93f85af6,אושי אושי מודיעין,/business/oshi-oshi-mosiin/,same address
https://www.modiin4u.co.il/business/modiin-muni/,/business/modiin-muni/,business,businesses,d01f8866-fcf3-4b61-a864-576cd6186a48,עיריית מודיעין מכבים רעות,/business/modiin-muni/,same address
https://www.modiin4u.co.il/business/%d7%9e%d7%a7%d7%93%d7%95%d7%a0%d7%9c%d7%93%d7%a1-%d7%9e%d7%95%d7%a8%d7%a9%d7%aa-%d7%9e%d7%95%d7%93%d7%99%d7%a2%d7%99%d7%9f-%d7%9b%d7%a9%d7%a8/,/business/מקדונלדס-מורשת-מודיעין-כשר/,business,businesses,fe40f800-24ee-4dd3-9906-f4d80ec115ee,מקדונלד'ס - מורשת מודיעין (כשר),/business/מקדונלדס-מורשת-מודיעין-כשר/,same address
https://www.modiin4u.co.il/business/%d7%9e%d7%a7%d7%93%d7%95%d7%a0%d7%9c%d7%93%d7%a1-%d7%a7%d7%a0%d7%99%d7%95%d7%9f-%d7%a2%d7%96%d7%a8%d7%99%d7%90%d7%9c%d7%99-%d7%9e%d7%95%d7%93%d7%99%d7%a2%d7%99%d7%9f/,/business/מקדונלדס-קניון-עזריאלי-מודיעין/,business,businesses,6d1a7902-7b22-49a2-a67e-ed67bf8f8f7b,"מקדונלד'ס - קניון עזריאלי, מודיעין (כשר)",/business/מקדונלדס-קניון-עזריאלי-מודיעין/,same address
https://www.modiin4u.co.il/business/%d7%9e%d7%a7%d7%93%d7%95%d7%a0%d7%9c%d7%93%d7%a1-%d7%99%d7%a9%d7%a4%d7%a8%d7%95-%d7%9e%d7%95%d7%93%d7%99%d7%a2%d7%99%d7%9f/,/business/מקדונלדס-ישפרו-מודיעין/,business,businesses,e6a9ca53-535f-410c-a806-a400b546631e,מקדונלד'ס - ישפרו מודיעין,/business/מקדונלדס-ישפרו-מודיעין/,same address
https://www.modiin4u.co.il/business/%d7%a8%d7%9e%d7%99-%d7%9c%d7%95%d7%99-%d7%9e%d7%a8%d7%9b%d7%96-%d7%a2%d7%99%d7%a0%d7%91-%d7%9e%d7%95%d7%93%d7%99%d7%a2%d7%99%d7%9f/,/business/רמי-לוי-מרכז-עינב-מודיעין/,business,businesses,341eb7e8-0ab5-4737-aa60-08e8ba634b7e,רמי לוי מרכז עינב מודיעין,/business/רמי-לוי-מרכז-עינב-מודיעין/,same address
https://www.modiin4u.co.il/business/%d7%a4%d7%99%d7%a6%d7%94-%d7%a4%d7%a6%d7%a5-%d7%9e%d7%95%d7%93%d7%99%d7%a2%d7%99%d7%9f/,/business/פיצה-פצץ-מודיעין/,business,businesses,8da501d8-009a-4e04-92ff-84e004e6340e,פיצה פצץ - מודיעין,/business/פיצה-פצץ-מודיעין/,same address
https://www.modiin4u.co.il/business/kulinarik-modiin/,/business/kulinarik-modiin/,business,businesses,d4be8425-90e2-48d5-b5cd-26fbce43649f,קולינריק מודיעין kulinarik,/business/kulinarik-modiin/,same address
https://www.modiin4u.co.il/business/discount-modiin/,/business/discount-modiin/,business,businesses,918097c5-b536-4429-82b5-52d10d74b9cc,בנק דיסקונט מודיעין - סניף 303,/business/discount-modiin/,same address
https://www.modiin4u.co.il/business/%d7%91%d7%a0%d7%a7-%d7%94%d7%a4%d7%95%d7%a2%d7%9c%d7%99%d7%9d-%d7%9e%d7%95%d7%93%d7%99%d7%a2%d7%99%d7%9f-%d7%a1%d7%a0%d7%99%d7%a3-582/,/business/בנק-הפועלים-מודיעין-סניף-582/,business,businesses,fb00f0ef-72bf-4b06-ab4f-2977d31d9b3c,בנק הפועלים מודיעין – סניף 582,/business/בנק-הפועלים-מודיעין-סניף-582/,same address
https://www.modiin4u.co.il/business/%d7%91%d7%a0%d7%a7-%d7%9c%d7%90%d7%95%d7%9e%d7%99-%d7%9e%d7%95%d7%93%d7%99%d7%a2%d7%99%d7%9f-%d7%a1%d7%a0%d7%99%d7%a3-680/,/business/בנק-לאומי-מודיעין-סניף-680/,business,businesses,af5713f3-e9aa-41e9-8c65-f7f6c1d3d2ef,בנק לאומי מודיעין – סניף 680,/business/בנק-לאומי-מודיעין-סניף-680/,same address
https://www.modiin4u.co.il/business/%d7%9e%d7%96%d7%a8%d7%97%d7%99-%d7%98%d7%a4%d7%97%d7%95%d7%aa-%d7%9e%d7%95%d7%93%d7%99%d7%a2%d7%99%d7%9f-%d7%a1%d7%a0%d7%99%d7%a3-521/,/business/מזרחי-טפחות-מודיעין-סניף-521/,business,businesses,3ccf5361-0d4b-4bc0-bb50-310a1f1f06f0,מזרחי טפחות מודיעין – סניף 521,/business/מזרחי-טפחות-מודיעין-סניף-521/,same address
https://www.modiin4u.co.il/business/%d7%a7%d7%95%d7%a4%d7%97-%d7%9e%d7%9b%d7%91%d7%99-%d7%9e%d7%95%d7%93%d7%99%d7%a2%d7%99%d7%9f/,/business/קופח-מכבי-מודיעין/,business,businesses,4b62bc4a-f6f3-4c9f-951e-6777b9867cd8,"קופ""ח מכבי מודיעין",/business/קופח-מכבי-מודיעין/,same address
https://www.modiin4u.co.il/business/terem-modiin/,/business/terem-modiin/,business,businesses,bb9c74be-fb0c-4895-ae17-cfbf6e2479fd,טרם Terem מודיעין,/business/terem-modiin/,same address
https://www.modiin4u.co.il/business/%d7%9e%d7%9b%d7%95%d7%9f-%d7%9e%d7%90%d7%a8-%d7%9e%d7%95%d7%93%d7%99%d7%a2%d7%99%d7%9f/,/business/מכון-מאר-מודיעין/,business,businesses,eeab68af-0911-4540-bde4-5f74a76977bb,מכון מאר מודיעין,/business/מכון-מאר-מודיעין/,same address
https://www.modiin4u.co.il/business/%d7%a4%d7%a2%d7%9e%d7%99%d7%aa-%d7%a1%d7%98%d7%95%d7%a8-%d7%9e%d7%95%d7%93%d7%99%d7%a2%d7%99%d7%9f/,/business/פעמית-סטור-מודיעין/,business,businesses,9fe4cd46-840d-40b5-ab5f-dac14896e11c,פעמית סטור מודיעין,/business/פעמית-סטור-מודיעין/,same address
https://www.modiin4u.co.il/business/%d7%a4%d7%99%d7%a6%d7%94-%d7%94%d7%90%d7%98-%d7%9e%d7%95%d7%93%d7%99%d7%a2%d7%99%d7%9f/,/business/פיצה-האט-מודיעין/,business,businesses,b90e1afb-f928-4402-b7bc-8e8474d24252,פיצה האט מודיעין,/business/פיצה-האט-מודיעין/,same address
https://www.modiin4u.co.il/business/mishkan-hatchelet-modiin/,/business/mishkan-hatchelet-modiin/,business,businesses,ea05bc60-df15-4aaa-a9a7-265216c56dad,משכן התכלת מודיעין,/business/mishkan-hatchelet-modiin/,same address
https://www.modiin4u.co.il/business/jacob-hotel-azrieli/,/business/jacob-hotel-azrieli/,business,businesses,0f31a13f-88c8-4270-bbbb-7b6a4c7a3a79,מלון ג׳ייקוב מודיעין,/business/jacob-hotel-azrieli/,same address
https://www.modiin4u.co.il/business/beit-merkahat-toran/,/business/beit-merkahat-toran/,business,businesses,2f46c3c6-9163-44b9-9be7-9839de177dc0,בית מרקחת תורן מודיעין,/business/beit-merkahat-toran/,same address
https://www.modiin4u.co.il/business/eleven-modiin/,/business/eleven-modiin/,business,businesses,0c8ad2bb-ee97-4470-9c68-74fd31fb55e9,אילבן מודיעין,/business/eleven-modiin/,same address
https://www.modiin4u.co.il/business/liron-levi-naturopathic-modiin/,/business/liron-levi-naturopathic-modiin/,business,businesses,b7bbc8e8-ab8d-4aaf-aefc-f441198249a3,לירון לוי נטורופתית במודיעין,/business/liron-levi-naturopathic-modiin/,same address
https://www.modiin4u.co.il/business/forum-veg/,/business/forum-veg/,business,businesses,a454cd2c-e2c3-4b08-8b54-e50b419f9a01,יבולי הפורום,/business/forum-veg/,same address
https://www.modiin4u.co.il/business/only-20-ems-modiin/,/business/only-20-ems-modiin/,business,businesses,00ecca79-be9c-417e-bc88-a3a9a7695706,Only 20 EMS - מודיעין,/business/only-20-ems-modiin/,same address
https://www.modiin4u.co.il/business/emilia-bar-modiin/,/business/emilia-bar-modiin/,business,businesses,29d0f8b7-71b2-4605-a316-15f9d162c234,אמיליה בר מודיעין,/business/emilia-bar-modiin/,same address
https://www.modiin4u.co.il/business/%d7%97%d7%95%d7%9e%d7%95%d7%a1%d7%99%d7%99%d7%aa-%d7%a2%d7%98%d7%99%d7%99%d7%94/,/business/חומוסיית-עטייה/,business,businesses,a4ed1fd7-d60a-4fd5-8ea3-b04ded01f257,חומוסיית עטייה,/business/חומוסיית-עטייה/,same address
https://www.modiin4u.co.il/business/%d7%91%d7%99%d7%92%d7%94-%d7%a2%d7%96%d7%a8%d7%99%d7%90%d7%9c%d7%99-%d7%9e%d7%95%d7%93%d7%99%d7%a2%d7%99%d7%9f/,/business/ביגה-עזריאלי-מודיעין/,business,businesses,f91eaa9d-993f-4745-a804-ad310d926f27,ביגה עזריאלי מודיעין,/business/ביגה-עזריאלי-מודיעין/,same address
https://www.modiin4u.co.il/business/geppeto-bar-modiin/,/business/geppeto-bar-modiin/,business,businesses,777963ac-81a2-4f6c-8877-3500710c4d73,ג׳פטו בר,/business/geppeto-bar-modiin/,same address
https://www.modiin4u.co.il/business/%d7%9e%d7%99%d7%9b%d7%9c%d7%99%d7%a1-%d7%a8%d7%a2%d7%95%d7%aa-%d7%9e%d7%95%d7%93%d7%99%d7%a2%d7%99%d7%9f/,/business/מיכליס-רעות-מודיעין/,business,businesses,1d1b2f82-e4ae-4d6e-9b61-eb5873c5a733,מיכליס רעות,/business/מיכליס-רעות-מודיעין/,same address
https://www.modiin4u.co.il/business/%d7%a7%d7%a4%d7%99%d7%aa-%d7%9e%d7%95%d7%93%d7%99%d7%a2%d7%99%d7%9f/,/business/קפית-מודיעין/,business,businesses,8e358762-9f90-495a-a187-601353e63e5c,קפית מודיעין,/business/קפית-מודיעין/,same address
https://www.modiin4u.co.il/business/roasters-modiin/,/business/roasters-modiin/,business,businesses,8b0d490c-652d-4995-86ee-4b136797664a,רוסטרס - Roasters מודיעין,/business/roasters-modiin/,same address
https://www.modiin4u.co.il/business/modiin-more-than-bar/,/business/modiin-more-than-bar/,business,businesses,be328b7a-bf19-4b8e-a3d7-7a1c161523b6,מורדן בר מודיעין,/business/modiin-more-than-bar/,same address
https://www.modiin4u.co.il/business/eyal-levi-hair-designer/,/business/eyal-levi-hair-designer/,business,businesses,e81bc6d2-f328-4a90-b44c-da11793c5fe1,ספר נשים במודיעין - אייל לוי,/business/eyal-levi-hair-designer/,same address
https://www.modiin4u.co.il/business/noy-hasade/,/business/noy-hasade/,business,businesses,67df9f56-c80d-46a9-b6ea-68b1ca6baff4,נוי השדה מודיעין,/business/noy-hasade/,same address
https://www.modiin4u.co.il/business/hot-cinema-modiin/,/business/hot-cinema-modiin/,business,businesses,bd5abf39-883c-4533-b3f5-14bee23192d1,הוט סינמה מודיעין,/business/hot-cinema-modiin/,same address
https://www.modiin4u.co.il/business/clalitsmile-modiin/,/business/clalitsmile-modiin/,business,businesses,c3901368-62b2-452f-bc60-8456dab07eb9,מרפאת כללית סמייל מודיעין,/business/clalitsmile-modiin/,same address
https://www.modiin4u.co.il/business/yedidim-modiin/,/business/yedidim-modiin/,business,businesses,85ae7008-7324-4b50-8576-9748c3b66b7c,ארגון ידידים - סיוע בדרכים סניף מודיעין,/business/yedidim-modiin/,same address
https://www.modiin4u.co.il/business/%d7%a6%d7%99%d7%98%d7%94-%d7%a9%d7%95%d7%a4%d7%a1-%d7%9e%d7%95%d7%93%d7%99%d7%a2%d7%99%d7%9f/,/business/ציטה-שופס-מודיעין/,business,businesses,270af556-add6-471f-afb4-53d16272e7c3,צ'יטה שופס מודיעין,/business/ציטה-שופס-מודיעין/,same address
https://www.modiin4u.co.il/business/joya-modiin/,/business/joya-modiin/,business,businesses,77b0f7be-5a78-46d1-ae22-deeea0c87061,ג'ויה מודיעין,/business/joya-modiin/,same address
https://www.modiin4u.co.il/business/luciana-modiin/,/business/luciana-modiin/,business,businesses,66c2b315-0fee-4a63-a07b-d947a3107c81,לוצ'נה מודיעין,/business/luciana-modiin/,same address
https://www.modiin4u.co.il/business/lior-adika-modiin/,/business/lior-adika-modiin/,business,businesses,4960b90b-ae6f-45e5-8d43-1bc94a149826,ליאור עדיקה מודיעין,/business/lior-adika-modiin/,same address
https://www.modiin4u.co.il/business/enso-modiin/,/business/enso-modiin/,business,businesses,42c56782-d2cf-468d-8d70-bce90726040a,אנזו מודיעין Ensō,/business/enso-modiin/,same address
https://www.modiin4u.co.il/business/%d7%a4%d7%90%d7%96%d7%94-%d7%91%d7%a8-%d7%9e%d7%95%d7%93%d7%99%d7%a2%d7%99%d7%9f/,/business/פאזה-בר-מודיעין/,business,businesses,14c1bc46-8b64-404c-bbe3-ab23273f3b64,פאזה,/business/פאזה-בר-מודיעין/,same address
https://www.modiin4u.co.il/business/babajum-modiin/,/business/babajum-modiin/,business,businesses,442f9f14-fec4-4af1-a0b7-1e9584bfd45d,באבאג'ים - מודיעין,/business/babajum-modiin/,same address
https://www.modiin4u.co.il/business/%d7%a9%d7%9e%d7%91%d7%96-shambaz/,/business/שמבז-shambaz/,business,businesses,3d08cc34-43f7-406d-a66c-f656a98a1678,שמבז | Shambaz,/business/שמבז-shambaz/,same address
https://www.modiin4u.co.il/business/%d7%94%d7%90%d7%97%d7%95%d7%96%d7%94-%d7%9e%d7%95%d7%93%d7%99%d7%a2%d7%99%d7%9f/,/business/האחוזה-מודיעין/,business,businesses,f5fdc7fa-6b34-4d14-8e05-451d460eed9a,האחוזה,/business/האחוזה-מודיעין/,same address
https://www.modiin4u.co.il/business/%d7%a8%d7%95%d7%91%d7%9f-%d7%9e%d7%95%d7%93%d7%99%d7%a2%d7%99%d7%9f/,/business/רובן-מודיעין/,business,businesses,ff3626d6-4a41-48d8-a0c6-2231d57fe596,רובן מודיעין,/business/רובן-מודיעין/,same address
https://www.modiin4u.co.il/business/%d7%9e%d7%99%d7%98%d7%9e%d7%9f-%d7%a9%d7%99%d7%9c%d7%aa/,/business/מיטמן-שילת/,business,businesses,b015460f-bb59-440c-a20c-29de1afd1845,מיטמן - שילת,/business/מיטמן-שילת/,same address
https://www.modiin4u.co.il/business/%d7%a4%d7%93%d7%a8%d7%99%d7%a7/,/business/פדריק/,business,businesses,b18a17bc-3199-4c34-846a-2ec8b7faaadb,פדריק,/business/פדריק/,same address
https://www.modiin4u.co.il/business/%d7%a4%d7%99%d7%a6%d7%94-%d7%a9%d7%9e%d7%a9-%d7%9e%d7%95%d7%a8%d7%a9%d7%aa/,/business/פיצה-שמש-מורשת/,business,businesses,63d6db52-6fdb-4836-8966-735cbdbd173c,פיצה שמש מודיעין  -  סניף מורשת,/business/פיצה-שמש-מורשת/,same address
https://www.modiin4u.co.il/business/%d7%a9%d7%95%d7%95%d7%90%d7%a8%d7%9e%d7%94-%d7%94%d7%90%d7%97%d7%99%d7%9d-%d7%90%d7%91%d7%95-%d7%92%d7%95%d7%a9/,/business/שווארמה-האחים-אבו-גוש/,business,businesses,165e5fb0-feb7-41ea-a77f-a98af0f6bf0a,שווארמה האחים,/business/שווארמה-האחים-אבו-גוש/,same address
https://www.modiin4u.co.il/business/dor-alon-modiin/,/business/dor-alon-modiin/,business,businesses,447fb800-5c70-4721-8891-409eac680bd7,תחנת דלק דור אלון מודיעין,/business/dor-alon-modiin/,same address
https://www.modiin4u.co.il/business/jo-modiin/,/business/jo-modiin/,business,businesses,ee4d9029-d8ab-4564-ba64-c8defb9a3765,דלק ג'ו ארז מודיעין,/business/jo-modiin/,same address
https://www.modiin4u.co.il/business/paz-modiin/,/business/paz-modiin/,business,businesses,75ddd2cd-0b86-4d39-8c9e-ef4950a0cd28,פז מודיעין,/business/paz-modiin/,same address
https://www.modiin4u.co.il/business/delek-modiin/,/business/delek-modiin/,business,businesses,add342d4-f665-410f-bf5d-fe251e98443a,דלק מודיעין Delek,/business/delek-modiin/,same address
https://www.modiin4u.co.il/business/delek-menta-24-hour/,/business/delek-menta-24-hour/,business,businesses,5e1e5215-b551-4842-8ca9-e669611aff8b,Delek Menta 24 Hour,/business/delek-menta-24-hour/,same address
https://www.modiin4u.co.il/business/%d7%a1%d7%95%d7%a0%d7%95%d7%9c-%d7%a9%d7%99%d7%9c%d7%aa/,/business/סונול-שילת/,business,businesses,642106fa-f232-4363-b8ba-8b33167283f8,סונול שילת,/business/סונול-שילת/,same address
https://www.modiin4u.co.il/business/%d7%aa%d7%97%d7%a0%d7%aa-%d7%93%d7%9c%d7%a7-%d7%9e%d7%99%d7%a7%d7%94-%d7%9e%d7%95%d7%93%d7%99%d7%a2%d7%99%d7%9f/,/business/תחנת-דלק-מיקה-מודיעין/,business,businesses,39dc6370-ab84-45f0-977e-53e9fc6702d6,תחנת דלק מיקה מודיעין,/business/תחנת-דלק-מיקה-מודיעין/,same address
https://www.modiin4u.co.il/business/%d7%a4%d7%96-yellow-%d7%9c%d7%99%d7%92%d7%93/,/business/פז-yellow-ליגד/,business,businesses,9d25a663-f7f5-4e58-83a0-992c15e2a7d7,פז yellow ליגד,/business/פז-yellow-ליגד/,same address
https://www.modiin4u.co.il/business/%d7%a4%d7%96-%d7%9e%d7%95%d7%93%d7%99%d7%a2%d7%99%d7%9f-%d7%94%d7%a8%d7%90%d7%9c/,/business/פז-מודיעין-הראל/,business,businesses,730a6b91-e9c8-4711-af85-5a60c9403390,פז מודיעין הראל,/business/פז-מודיעין-הראל/,same address
https://www.modiin4u.co.il/business/japanika-modiin/,/business/japanika-modiin/,business,businesses,1a0168cc-3f99-481c-b8eb-88883b325140,ג'פניקה מודיעין | JAPANIKA MODIIN,/business/japanika-modiin/,same address
https://www.modiin4u.co.il/business/bikurofe-modiin/,/business/bikurofe-modiin/,business,businesses,7054bb13-817b-4779-9ca0-5fb363529541,ביקור רופא מודיעין,/business/bikurofe-modiin/,same address
https://www.modiin4u.co.il/business/unique-therapy-modiin/,/business/unique-therapy-modiin/,business,businesses,7caf0ca4-121d-4951-9f0f-f0593dfa22f5,Unique therapy,/business/unique-therapy-modiin/,same address
https://www.modiin4u.co.il/business/%d7%9e%d7%97%d7%a1%d7%a0%d7%99-%d7%a1%d7%a4%d7%a8%d7%99%d7%9d-%d7%a1%d7%a4%d7%a8%d7%99-%d7%9e%d7%a9%d7%94-%d7%9e%d7%95%d7%93%d7%99%d7%a2%d7%99%d7%9f/,/business/מחסני-ספרים-ספרי-משה-מודיעין/,business,businesses,a5896532-aec8-4fac-b259-f307a2b38323,מחסני ספרים – ספרי משה מודיעין,/business/מחסני-ספרים-ספרי-משה-מודיעין/,same address
https://www.modiin4u.co.il/business/%d7%a7%d7%9c%d7%99%d7%99%d7%aa-%d7%99%d7%91%d7%92%d7%99-%d7%9e%d7%95%d7%93%d7%99%d7%a2%d7%99%d7%9f/,/business/קליית-יבגי-מודיעין/,business,businesses,6c7dae48-575d-462e-bd12-fe6487af0a73,קליית יבגי מודיעין,/business/קליית-יבגי-מודיעין/,same address
https://www.modiin4u.co.il/business/%d7%a1%d7%91%d7%9f-%d7%90%d7%a7%d7%a1%d7%a4%d7%a8%d7%a1-%d7%9e%d7%95%d7%93%d7%99%d7%a2%d7%99%d7%9f-%d7%a1%d7%a0%d7%99%d7%a3-%d7%a7%d7%99%d7%99%d7%96%d7%a8/,/business/סבן-אקספרס-מודיעין-סניף-קייזר/,business,businesses,e1b038fe-0e8d-42fa-b7a6-ca413cf1510f,סבן אקספרס מודיעין - סניף קייזר,/business/סבן-אקספרס-מודיעין-סניף-קייזר/,same address
https://www.modiin4u.co.il/business/%d7%a1%d7%98%d7%99%d7%9e%d7%a6%d7%a7%d7%99-%d7%9e%d7%95%d7%93%d7%99%d7%a2%d7%99%d7%9f-%d7%a1%d7%a0%d7%99%d7%a3-%d7%99%d7%a9%d7%a4%d7%a8%d7%95/,/business/סטימצקי-מודיעין-סניף-ישפרו/,business,businesses,33913100-408b-4324-a3ce-0364cea7440e,סטימצקי מודיעין סניף ישפרו,/business/סטימצקי-מודיעין-סניף-ישפרו/,same address
https://www.modiin4u.co.il/business/betzel-hateena-modiin/,/business/betzel-hateena-modiin/,business,businesses,89077523-a77f-400e-856a-bfb7286754ff,בצל התאנה מודיעין,/business/betzel-hateena-modiin/,same address
https://www.modiin4u.co.il/business/portofino-modiin/,/business/portofino-modiin/,business,businesses,02ec31ac-beab-4fe3-a28a-45a20c7a90ee,פורטופינו מודיעין,/business/portofino-modiin/,same address
https://www.modiin4u.co.il/business/%d7%99%d7%95%d7%97%d7%a0%d7%a0%d7%95%d7%a3-%d7%9e%d7%95%d7%93%d7%99%d7%a2%d7%99%d7%9f-%d7%9b%d7%a8%d7%9e%d7%99%d7%9d/,/business/יוחננוף-מודיעין-כרמים/,business,businesses,130ee739-c604-4e2d-9982-4f2500d154ce,יוחננוף מודיעין - כרמים,/business/יוחננוף-מודיעין-כרמים/,same address
https://www.modiin4u.co.il/business/%d7%a1%d7%99%d7%90%d7%a1%d7%98%d7%94-%d7%9e%d7%a9%d7%a7%d7%90%d7%95%d7%aa-%d7%9e%d7%95%d7%93%d7%99%d7%a2%d7%99%d7%9f/,/business/סיאסטה-משקאות-מודיעין/,business,businesses,f8b774cc-0f95-4518-9340-651d742e4063,סיאסטה משקאות מודיעין,/business/סיאסטה-משקאות-מודיעין/,same address
https://www.modiin4u.co.il/business/%d7%91%d7%99%d7%aa-%d7%94%d7%a9%d7%a3-%d7%9e%d7%95%d7%93%d7%99%d7%a2%d7%99%d7%9f/,/business/בית-השף-מודיעין/,business,businesses,f48671d0-ef08-4b5f-abcc-82515dfaabee,בית השף מודיעין,/business/בית-השף-מודיעין/,same address
https://www.modiin4u.co.il/business/%d7%a4%d7%99%d7%a6%d7%94-%d7%a1%d7%9e%d7%99%d7%99%d7%9c%d7%99-%d7%9e%d7%95%d7%93%d7%99%d7%a2%d7%99%d7%9f/,/business/פיצה-סמיילי-מודיעין/,business,businesses,236c1d4a-b26b-4646-86a3-eb82e346f6fe,פיצה סמיילי מודיעין,/business/פיצה-סמיילי-מודיעין/,same address
https://www.modiin4u.co.il/business/yarin-amos-cosmetics/,/business/yarin-amos-cosmetics/,business,businesses,a5b8306b-9289-4d54-a501-8d05e4c15aa5,Yarin amos cosmetics,/business/yarin-amos-cosmetics/,same address
https://www.modiin4u.co.il/business/%d7%94%d7%95%d7%9d-%d7%a1%d7%a0%d7%98%d7%a8-%d7%9e%d7%95%d7%93%d7%99%d7%a2%d7%99%d7%9f/,/business/הום-סנטר-מודיעין/,business,businesses,50784fb1-2acf-42f0-98bc-a3c21147a7b4,הום סנטר מודיעין,/business/הום-סנטר-מודיעין/,same address
https://www.modiin4u.co.il/business/%d7%a8%d7%95%d7%96%d7%94-%d7%9e%d7%95%d7%93%d7%99%d7%a2%d7%99%d7%9f/,/business/רוזה-מודיעין/,business,businesses,e66036ae-3e8d-4270-8998-a42a14bc11f3,רוזה מודיעין,/business/רוזה-מודיעין/,same address
https://www.modiin4u.co.il/business/%d7%91%d7%90%d7%a9%d7%a8-%d7%a4%d7%a8%d7%95%d7%9e%d7%96%d7%a8%d7%99-%d7%99%d7%a9%d7%a4%d7%a8%d7%95/,/business/באשר-פרומזרי-ישפרו/,business,businesses,4265d977-85d2-4347-8d08-15077bd98a85,באשר פרומז'רי,/business/באשר-פרומזרי-ישפרו/,same address
https://www.modiin4u.co.il/business/grill-443/,/business/grill-443/,business,businesses,fa037d19-1523-489b-9084-62f7d363f22c,גריל 443,/business/grill-443/,same address
https://www.modiin4u.co.il/business/%d7%94%d7%9e%d7%98%d7%91%d7%97%d7%95%d7%9f-%d7%a9%d7%9c-%d7%a1%d7%99%d7%9e%d7%94-%d7%9e%d7%95%d7%93%d7%99%d7%a2%d7%99%d7%9f/,/business/המטבחון-של-סימה-מודיעין/,business,businesses,bd721ac4-bdfd-4380-96c6-4ded52b6001a,המטבחון של סימה,/business/המטבחון-של-סימה-מודיעין/,same address
https://www.modiin4u.co.il/business/modiin-tiki-poke/,/business/modiin-tiki-poke/,business,businesses,c37ef729-dcdc-429f-af96-53b5802d4bf8,טיקי פוקי - tiki poke מודיעין,/business/modiin-tiki-poke/,same address
https://www.modiin4u.co.il/business/takumi-modiin-yshpro/,/business/takumi-modiin-yshpro/,business,businesses,81c2ac66-51d1-4d81-82ce-da845b5eacd7,טקומי מודיעין סניף ישפרו,/business/takumi-modiin-yshpro/,same address
https://www.modiin4u.co.il/business/loro-modiin/,/business/loro-modiin/,business,businesses,06577843-241c-4a33-bf89-85fb49382ce5,לורו מודיעין,/business/loro-modiin/,same address
https://www.modiin4u.co.il/business/mondo-modiin/,/business/mondo-modiin/,business,businesses,ca2666df-931b-4c34-937e-729a9e46b6a7,מונדו מודיעין,/business/mondo-modiin/,same address
https://www.modiin4u.co.il/business/my-ninja/,/business/my-ninja/,business,businesses,91747b99-0c08-4ab2-bc6e-9468355e9457,מיי נינג׳ה - MY NINJA,/business/my-ninja/,same address
https://www.modiin4u.co.il/business/%d7%9e%d7%99%d7%9b%d7%9c%d7%99%d7%a1-%d7%99%d7%a9%d7%a4%d7%a8%d7%95/,/business/מיכליס-ישפרו/,business,businesses,bf6bb9e3-e925-43e7-95e1-170167b9d171,מיכליס,/business/מיכליס-ישפרו/,same address
https://www.modiin4u.co.il/business/%d7%9e%d7%9b%d7%91%d7%a1%d7%aa-%d7%9c%d7%91%d7%a0%d7%93%d7%a8-%d7%9e%d7%95%d7%93%d7%99%d7%a2%d7%99%d7%9f/,/business/מכבסת-לבנדר-מודיעין/,business,businesses,242f0498-b666-40d1-aebf-55f0c27c636f,לבנדר,/business/מכבסת-לבנדר-מודיעין/,same address
https://www.modiin4u.co.il/business/sushibox-modiin/,/business/sushibox-modiin/,business,businesses,a58c05c9-e5b6-464c-9ea9-fadf2811111d,סושי בוקס מודיעין,/business/sushibox-modiin/,same address
https://www.modiin4u.co.il/business/alma-modiin/,/business/alma-modiin/,business,businesses,2d846b2c-27e7-4c02-893e-517cbdfb3572,עלמא מודיעין מרקים וקובה,/business/alma-modiin/,same address
https://www.modiin4u.co.il/business/floroz-modiin/,/business/floroz-modiin/,business,businesses,d2829fd1-9c67-4c67-9f78-3856174b3854,פלורוז,/business/floroz-modiin/,same address
https://www.modiin4u.co.il/business/modiin-cantona/,/business/modiin-cantona/,business,businesses,5e6451f2-de7f-4231-b356-73451dbb72c8,קנטונה CANTONA,/business/modiin-cantona/,same address
https://www.modiin4u.co.il/business/caffe-443/,/business/caffe-443/,business,businesses,9116bf31-cb88-444c-b376-51bb071a8b9f,קפה 443,/business/caffe-443/,same address
https://www.modiin4u.co.il/business/%d7%a7%d7%a8%d7%9e%d7%91%d7%95%d7%9c%d7%94/,/business/קרמבולה/,business,businesses,4e30bbdb-aac6-4f34-b756-9b36d38dc8ba,קרמבולה,/business/קרמבולה/,same address
https://www.modiin4u.co.il/business/%d7%a9%d7%99%d7%91%d7%95%d7%9c%d7%aa-%d7%94%d7%a9%d7%a8%d7%95%d7%9f/,/business/שיבולת-השרון/,business,businesses,122d8af6-098c-4582-ac11-c2e349178bb0,שיבולת השרון-מודיעין,/business/שיבולת-השרון/,same address
https://www.modiin4u.co.il/business/%d7%a9%d7%a0%d7%99%d7%a6%d7%9c-%d7%91%d7%99%d7%a1-%d7%9e%d7%95%d7%93%d7%99%d7%a2%d7%99%d7%9f/,/business/שניצל-ביס-מודיעין/,business,businesses,4661849a-22a3-438f-afb8-ce4801238b18,שניצל ביס מודיעין,/business/שניצל-ביס-מודיעין/,same address
https://www.modiin4u.co.il/business/%d7%9e%d7%a2%d7%93%d7%a0%d7%99%d7%99%d7%aa-%d7%94%d7%90%d7%97%d7%99%d7%9d/,/business/מעדניית-האחים/,business,businesses,7e8f9125-2297-498b-bcf9-89cabd30e129,מעדניית האחים,/business/מעדניית-האחים/,same address
https://www.modiin4u.co.il/business/%d7%90%d7%9c%d7%95%d7%a1%d7%98%d7%a8%d7%9e%d7%a8%d7%99%d7%94-%d7%97%d7%a0%d7%95%d7%aa-%d7%a4%d7%a8%d7%97%d7%99%d7%9d-%d7%91%d7%9e%d7%95%d7%93%d7%99%d7%a2%d7%99%d7%9f/,/business/אלוסטרמריה-חנות-פרחים-במודיעין/,business,businesses,f1ec3c82-7800-434f-bacc-e17bdaee465b,אלוסטרמריה - חנות פרחים במודיעין,/business/אלוסטרמריה-חנות-פרחים-במודיעין/,same address
https://www.modiin4u.co.il/business/benedict-modiin/,/business/benedict-modiin/,business,businesses,ba9166a5-209d-464a-93be-57ae047603cf,בנדיקט מודיעין,/business/benedict-modiin/,same address
https://www.modiin4u.co.il/business/alaesh-modiin/,/business/alaesh-modiin/,business,businesses,0980ef63-e9ac-4ceb-941c-df62c106bf69,עלאש מודיעין,/business/alaesh-modiin/,same address
https://www.modiin4u.co.il/business/alibi-room-modiin/,/business/alibi-room-modiin/,business,businesses,f0ea9383-007b-4cbf-9485-18bf96add22c,אליבי רום מודיעין,/business/alibi-room-modiin/,same address
https://www.modiin4u.co.il/business/o-spa/,/business/o-spa/,business,businesses,392ff2c4-3576-46f6-9b9a-59afdd0896ac,o-spa | ספא ראש מודיעין,/business/o-spa/,same address
https://www.modiin4u.co.il/business/modiin-water-park/,/business/modiin-water-park/,business,businesses,89b2f8b5-49ae-4dd4-b9d6-e3c4e293677c,פארק המים מודיעין,/business/modiin-water-park/,same address
https://www.modiin4u.co.il/business/joya-modiin-2/,/business/joya-modiin-2/,business,businesses,4f7fcd31-af90-4cca-8bf2-a5c4b1069080,ג׳ויה מודיעין מע״ר,/business/joya-modiin-2/,same address
https://www.modiin4u.co.il/business/%d7%97%d7%93%d7%a8-%d7%a7%d7%a8%d7%99%d7%95%d7%a7%d7%99-%d7%9e%d7%95%d7%93%d7%99%d7%a2%d7%99%d7%9f/,/business/חדר-קריוקי-מודיעין/,business,businesses,e9e0591e-e72c-4e42-a919-fac3456dcc8c,קריוקי מודיעין,/business/חדר-קריוקי-מודיעין/,same address
https://www.modiin4u.co.il/business/luciana-modiin-2/,/business/luciana-modiin-2/,business,businesses,3757383a-2e1f-4ae0-9052-a12821b8742a,לוצ'נה מודיעין,/business/luciana-modiin-2/,same address
https://www.modiin4u.co.il/business/pinukim-modiim/,/business/pinukim-modiim/,business,businesses,286e267a-2347-47ef-ba11-f94904dc4e08,פינוקים מודיעין,/business/pinukim-modiim/,same address
https://www.modiin4u.co.il/business/hachla-falafel-modiin/,/business/hachla-falafel-modiin/,business,businesses,bb81b2c9-6f10-48ad-81c3-532a9d2b10ae,אחלה פלאפל מודיעין,/business/hachla-falafel-modiin/,same address
https://www.modiin4u.co.il/business/pizza-cheez-modiin/,/business/pizza-cheez-modiin/,business,businesses,ca1d1fdf-d6a3-408a-84fa-d38e35598734,פיצה צ׳יז מודיעין,/business/pizza-cheez-modiin/,same address
https://www.modiin4u.co.il/business/italianos-pizza-modiin/,/business/italianos-pizza-modiin/,business,businesses,9054241d-ab8b-4549-b5c1-d3f4d184f816,איטליינוס פיצה מודיעין,/business/italianos-pizza-modiin/,same address
https://www.modiin4u.co.il/business/shawarmaabu-ghosh-modiin/,/business/shawarmaabu-ghosh-modiin/,business,businesses,907ba9c5-31bb-4e1c-861b-fa5d32845b77,שווארמה אבו גוש,/business/shawarmaabu-ghosh-modiin/,same address
https://www.modiin4u.co.il/business/%d7%a8%d7%97%d7%9c-%d7%91%d7%a9%d7%93%d7%a8%d7%94-%d7%9e%d7%95%d7%93%d7%99%d7%a2%d7%99%d7%9f/,/business/רחל-בשדרה-מודיעין/,business,businesses,6a8e1fd1-0cf0-4e90-bf98-7ed338848252,רחל בשדרה מודיעין,/business/רחל-בשדרה-מודיעין/,same address
https://www.modiin4u.co.il/business/%d7%a6%d7%b3%d7%99%d7%99%d7%a0%d7%92-%d7%9e%d7%95%d7%93%d7%99%d7%a2%d7%99%d7%9f-%d7%a1%d7%a0%d7%98%d7%a8/,/business/צ׳יינג-מודיעין-סנטר/,business,businesses,be2b4677-51b1-438a-8a6a-97f6a89bf2c7,צ׳יינג מודיעין סנטר,/business/צ׳יינג-מודיעין-סנטר/,same address
https://www.modiin4u.co.il/business/%d7%98%d7%99%d7%99%d7%9d-%d7%a4%d7%95%d7%a8-%d7%a6%d7%99%d7%99%d7%a0%d7%92-%d7%94%d7%9e%d7%a8%d7%aa-%d7%9b%d7%a1%d7%a4%d7%99%d7%9d-%d7%a1%d7%a0%d7%99%d7%a3-%d7%a7%d7%a0%d7%99%d7%95%d7%9f-%d7%a2/,/business/טיים-פור-ציינג-המרת-כספים-סניף-קניון-ע/,business,businesses,2ca8c1b2-fc53-472f-825b-6441fd7149aa,טיים פור צ'יינג' המרת כספים,/business/טיים-פור-ציינג-המרת-כספים-סניף-קניון-ע/,same address
https://www.modiin4u.co.il/business/%d7%90-%d7%a9-%d7%a1%d7%97%d7%a8-%d7%9b%d7%9c%d7%9c%d7%99-%d7%95%d7%a9%d7%99%d7%a8%d7%95%d7%aa%d7%99%d7%9d-%d7%91%d7%a2%d7%9e/,/business/א-ש-סחר-כללי-ושירותים-בעמ/,business,businesses,33eb27e8-27fd-464b-b354-66085a0767ad,"א.ש. סחר כללי ושירותים בע""מ",/business/א-ש-סחר-כללי-ושירותים-בעמ/,same address
https://www.modiin4u.co.il/business/%d7%94%d7%a1%d7%a2%d7%95%d7%aa-%d7%9b%d7%a4%d7%99%d7%a8/,/business/הסעות-כפיר/,business,businesses,4503bf05-b580-4cea-9f2e-17baff80403e,הסעות כפיר,/business/הסעות-כפיר/,same address
https://www.modiin4u.co.il/business/%d7%9e%d7%99%d7%a9%d7%9c-%d7%a9%d7%a8%d7%95%d7%aa%d7%99-%d7%94%d7%a1%d7%a2%d7%95%d7%aa-%d7%91%d7%9e%d7%95%d7%93%d7%99%d7%a2%d7%99%d7%9f/,/business/מישל-שרותי-הסעות-במודיעין/,business,businesses,9f799f32-ba60-4ea4-af17-cca29dc96c01,מישל שרותי הסעות במודיעין,/business/מישל-שרותי-הסעות-במודיעין/,same address
https://www.modiin4u.co.il/business/%d7%91%d7%95%d7%9f-%d7%aa%d7%95%d7%a8-%d7%94%d7%a1%d7%a2%d7%95%d7%aa/,/business/בון-תור-הסעות/,business,businesses,b73336cc-3a71-426e-bfb8-a31593a1de30,בון תור הסעות,/business/בון-תור-הסעות/,same address
https://www.modiin4u.co.il/business/%d7%94%d7%91%d7%a0%d7%90%d7%99-%d7%97%d7%95%d7%9e%d7%a8%d7%99-%d7%91%d7%a0%d7%99%d7%99%d7%9f-%d7%9e%d7%95%d7%93%d7%99%d7%a2%d7%99%d7%9f/,/business/הבנאי-חומרי-בניין-מודיעין/,business,businesses,06624e4f-84ea-4404-a4ca-6656c2eb7f73,הבנאי חומרי בניין מודיעין,/business/הבנאי-חומרי-בניין-מודיעין/,same address
https://www.modiin4u.co.il/business/%d7%91%d7%9b%d7%a8-%d7%a1%d7%a0%d7%98%d7%a8/,/business/בכר-סנטר/,business,businesses,995d0bc1-26a4-47ae-91cb-5f8a1cd76a91,בכר סנטר,/business/בכר-סנטר/,same address
https://www.modiin4u.co.il/business/%d7%98%d7%9e%d7%91%d7%95%d7%a8%d7%99%d7%99%d7%aa-%d7%a0-%d7%92-%d7%9e%d7%95%d7%93%d7%99%d7%a2%d7%99%d7%9f/,/business/טמבוריית-נ-ג-מודיעין/,business,businesses,bbe32697-0f7a-4a7c-81eb-0dd956c21142,טמבוריית נ. ג. מודיעין,/business/טמבוריית-נ-ג-מודיעין/,same address
https://www.modiin4u.co.il/business/%d7%94%d7%a0%d7%99%d7%a9%d7%94-%d7%a9%d7%9c-%d7%a8%d7%95%d7%a0%d7%99/,/business/הנישה-של-רוני/,business,businesses,a166315c-549e-4aef-a102-d3ae40fe8329,הנישה של רוני,/business/הנישה-של-רוני/,same address
https://www.modiin4u.co.il/business/pinoli-modiin/,/business/pinoli-modiin/,business,businesses,8fba5e3b-42d1-45cc-b1a7-f98ed5a92fdc,פינולי - PINOLI,/business/pinoli-modiin/,same address
https://www.modiin4u.co.il/business/patricks-modiin/,/business/patricks-modiin/,business,businesses,b6d22825-710d-48a4-8c23-2a632f93cc26,פטריקס מודיעין,/business/patricks-modiin/,same address
https://www.modiin4u.co.il/business/modiin-football-academy/,/business/modiin-football-academy/,business,businesses,bae90356-7b43-4e62-a46f-6d08c6dd6c2b,האקדמיה לכדורגל אולסטאר מודיעין,/business/modiin-football-academy/,same address
https://www.modiin4u.co.il/business/osullivan-modiin/,/business/osullivan-modiin/,business,businesses,4717c4f0-e27a-49fe-a98b-d39344a5bc26,אוסליבן בר מודיעין,/business/osullivan-modiin/,same address
https://www.modiin4u.co.il/business/hadaswaizman/,/business/hadaswaizman/,business,businesses,fca180bb-4267-416c-b8ba-33689fe2a339,הדס וייצמן - מעצבת פנים במודיעין,/business/hadaswaizman/,same address
https://www.modiin4u.co.il/business/pizza-chakra-modiin/,/business/pizza-chakra-modiin/,business,businesses,0075eff0-efb8-4a5d-8cc2-227e97e240a8,פיצה צ׳אקרה מודיעין,/business/pizza-chakra-modiin/,same address
https://www.modiin4u.co.il/business/takumi-modiin-maar/,/business/takumi-modiin-maar/,business,businesses,a8020c27-4aec-4c34-b90e-707ca1c85d17,טקומי מודיעין סניף מע״ר-נסגר,/business/takumi-modiin-maar/,same address
https://www.modiin4u.co.il/business/%d7%a4%d7%a8%d7%9c%d7%99%d7%9f-%d7%91%d7%99%d7%99%d7%a7%d7%a8%d7%99-%d7%9e%d7%95%d7%93%d7%99%d7%a2%d7%99%d7%9f/,/business/פרלין-בייקרי-מודיעין/,business,businesses,d2def924-ce86-4f6d-b201-03a6fd6ab8c2,פרלין בייקרי מודיעין,/business/פרלין-בייקרי-מודיעין/,same address
https://www.modiin4u.co.il/business/%d7%9e%d7%99%d7%9e%d7%99-%d7%a0%d7%95%d7%a0%d7%95-%d7%9e%d7%95%d7%93%d7%99%d7%a2%d7%99%d7%9f/,/business/מימי-נונו-מודיעין/,business,businesses,5244a361-2cff-4fef-9791-a0b36a1229f2,נונו מימי מודיעין,/business/מימי-נונו-מודיעין/,same address
https://www.modiin4u.co.il/business/angus-modiin/,/business/angus-modiin/,business,businesses,406969db-7d8b-4cda-b2b0-e07153cabf58,אנגוס דבאח מודיעין,/business/angus-modiin/,same address
https://www.modiin4u.co.il/business/%d7%92%d7%b3%d7%99%d7%a8%d7%a3-%d7%9e%d7%95%d7%93%d7%99%d7%a2%d7%99%d7%9f/,/business/ג׳ירף-מודיעין/,business,businesses,e20a1245-0abb-4f19-817f-4ef695e62df3,ג׳ירף מודיעין,/business/ג׳ירף-מודיעין/,same address
https://www.modiin4u.co.il/business/itouch-modiin/,/business/itouch-modiin/,business,businesses,ae55133e-1981-4bae-a0c9-311df96a9c30,itouch מודיעין,/business/itouch-modiin/,same address
https://www.modiin4u.co.il/business/gabrielpatisseriemodiin/,/business/gabrielpatisseriemodiin/,business,businesses,0688b7e5-7d30-4af1-a618-72023302545a,גבריאל פטיסרי מודיעין,/business/gabrielpatisseriemodiin/,same address
https://www.modiin4u.co.il/business/idan-fls-modiin/,/business/idan-fls-modiin/,business,businesses,dec425b9-3402-4f96-986e-6695ab7400f2,פרחי עידן | מודיעין,/business/idan-fls-modiin/,same address
https://www.modiin4u.co.il/business/shishlik-modiin/,/business/shishlik-modiin/,business,businesses,1550d1f2-c1c9-4c9b-b753-a098523529f6,שישליק מודיעין,/business/shishlik-modiin/,same address
https://www.modiin4u.co.il/business/pizza-angel-modiin/,/business/pizza-angel-modiin/,business,businesses,667071ea-f180-41df-979a-685b6930ab13,פיצה אנג׳ל מודיעין,/business/pizza-angel-modiin/,same address
https://www.modiin4u.co.il/business/papa-johns-modiin/,/business/papa-johns-modiin/,business,businesses,6c5f2684-300f-4204-890d-dbbd77249126,פאפא ג׳ונס פיצה מודיעין,/business/papa-johns-modiin/,same address
https://www.modiin4u.co.il/business/carmia-modiin/,/business/carmia-modiin/,business,businesses,34faca4a-f44b-4908-9b6b-335d4e240068,כרמיה פסטה בר | מודיעין,/business/carmia-modiin/,same address
https://www.modiin4u.co.il/business/korsia-modiin/,/business/korsia-modiin/,business,businesses,2f1f6084-ef00-4d79-8acf-5cc9eb809a42,קורסיה בית של טעמים,/business/korsia-modiin/,same address
https://www.modiin4u.co.il/business/havat-neomi-modiin/,/business/havat-neomi-modiin/,business,businesses,fa5966d0-68be-46b7-b7ff-4251f5745ced,חוות נעמי,/business/havat-neomi-modiin/,same address
https://www.modiin4u.co.il/business/la-ninio-modiin/,/business/la-ninio-modiin/,business,businesses,96ba8619-42db-4a38-8771-bee82e3700bb,לה ניניו מודיעין,/business/la-ninio-modiin/,same address
https://www.modiin4u.co.il/business/peami-plus/,/business/peami-plus/,business,businesses,2cab3aff-1627-4c22-bd66-46a5fc1a6db3,פעמי פלוס מודיעין | חנות חד פעמי במודיעין,/business/peami-plus/,same address
https://www.modiin4u.co.il/business/naitai-modiin/,/business/naitai-modiin/,business,businesses,298d87a3-e0ae-4d12-9987-32dfd853d3cc,נאיתאי מודיעין | Naitai,/business/naitai-modiin/,same address
https://www.modiin4u.co.il/business/holybagel-modiin/,/business/holybagel-modiin/,business,businesses,ccb1aeeb-5e54-434c-917c-54d184076cca,הולי בייגל מודיעין,/business/holybagel-modiin/,same address
https://www.modiin4u.co.il/business/azrieli-modiin-mall/,/business/azrieli-modiin-mall/,business,businesses,abd9cb4d-1735-4b2f-896c-b67c75b7423e,קניון עזריאלי מודיעין,/business/azrieli-modiin-mall/,same address
https://www.modiin4u.co.il/business/%d7%98%d7%9c%d7%99%d7%94-%d7%91%d7%9c%d7%95%d7%a0%d7%a1-talia-balloons/,/business/טליה-בלונס-talia-balloons/,business,businesses,7f28430d-8152-4eed-bc14-ce56fbce6e99,טליה בלונס | Talia balloons,/business/טליה-בלונס-talia-balloons/,same address
https://www.modiin4u.co.il/business/%d7%90%d7%95%d7%9e%d7%9f-%d7%94%d7%a4%d7%a8%d7%a7%d7%98%d7%99%d7%9d/,/business/אומן-הפרקטים/,business,businesses,a9b4cd92-f164-4ef3-af44-ddca059efe78,אומן הפרקטים,/business/אומן-הפרקטים/,same address
https://www.modiin4u.co.il/business/pita-basar-modiin/,/business/pita-basar-modiin/,business,businesses,13979b61-9109-4531-a097-871f349f6f19,פיתה בשר מודיעין,/business/pita-basar-modiin/,same address
https://www.modiin4u.co.il/business/mucha-modiin/,/business/mucha-modiin/,business,businesses,6214dedc-5fc1-4d3e-90c8-59863686da6c,פיצה מוצ׳ה מודיעין,/business/mucha-modiin/,same address
https://www.modiin4u.co.il/business/efrat-buotiqe/,/business/efrat-buotiqe/,business,businesses,c497f10c-658d-4ba5-a5f6-0388a490f094,אפרת בוטיק - בגדי נשים במודיעין,/business/efrat-buotiqe/,same address
https://www.modiin4u.co.il/business/modiin-wine-vibe/,/business/modiin-wine-vibe/,business,businesses,226220fc-35e5-4021-9a66-9df209430322,ווין אנד ווייב | wine & vibe מודיעין,/business/modiin-wine-vibe/,same address
https://www.modiin4u.co.il/business/%d7%91%d7%95%d7%94%d7%9e%d7%99%d7%95-%d7%91%d7%95%d7%98%d7%99%d7%a7/,/business/בוהמיו-בוטיק/,business,businesses,5af021bf-c260-4a13-8784-f4a119384ae0,בוהמיו בוטיק,/business/בוהמיו-בוטיק/,same address
https://www.modiin4u.co.il/business/%d7%a1%d7%98%d7%95%d7%93%d7%99%d7%95-%d7%92%d7%9c%d7%90%d7%95%d7%a8-%d7%9b%d7%94%d7%9f-%d7%9e%d7%a2%d7%a6%d7%91%d7%aa-%d7%a9%d7%9e%d7%9c%d7%95%d7%aa-%d7%9b%d7%9c%d7%94-%d7%91%d7%9e%d7%95%d7%93%d7%99/,/business/סטודיו-גלאור-כהן-מעצבת-שמלות-כלה-במודי/,business,businesses,f5b10c54-32ea-4db1-a1d5-027c872fa3d1,סטודיו גלאור כהן - מודיעין,/business/סטודיו-גלאור-כהן-מעצבת-שמלות-כלה-במודי/,same address
https://www.modiin4u.co.il/business/la-eliya/,/business/la-eliya/,business,businesses,7948af2d-64ee-4c29-a04d-b09af7fad220,LA ELIYA - שמלות ערב ונשף במודיעין,/business/la-eliya/,same address
https://www.modiin4u.co.il/business/gan-shoresh-modiin/,/business/gan-shoresh-modiin/,business,businesses,a7dd96be-7b5f-4279-b8a7-9c824913af8d,גן שורש מודיעין,/business/gan-shoresh-modiin/,same address
https://www.modiin4u.co.il/business/japan-japan-modiin/,/business/japan-japan-modiin/,business,businesses,3cf2b4fc-db5f-4e27-ac39-f772686d692b,ג'אפן ג'אפן מודיעין | JAPAN-JAPAN,/business/japan-japan-modiin/,same address
https://www.modiin4u.co.il/business/k-lockssmith/,/business/k-lockssmith/,business,businesses,09210e84-78db-46d4-a512-b484c19d71e9,קיי לוק - מנעולן במודיעין,/business/k-lockssmith/,same address
https://www.modiin4u.co.il/business/aka-modiin/,/business/aka-modiin/,business,businesses,5371bd59-15c8-4c55-8b5a-e35727abcc59,אקא AKA - מודיעין,/business/aka-modiin/,same address
https://www.modiin4u.co.il/business/%d7%9e%d7%a1%d7%a2%d7%93%d7%aa-%d7%91%d7%99%d7%aa-%d7%94%d7%9b%d7%a8%d7%9d-%d7%9e%d7%95%d7%93%d7%99%d7%a2%d7%99%d7%9f/,/business/מסעדת-בית-הכרם-מודיעין/,business,businesses,f0a5b696-997e-43f2-a309-0052be0b3bab,מסעדת בית הכרם מודיעין,/business/מסעדת-בית-הכרם-מודיעין/,same address
https://www.modiin4u.co.il/business/%d7%a8%d7%95%d7%98-%d7%90%d7%a0%d7%93-%d7%91%d7%9c%d7%95%d7%9d-rootbloom-%d7%9e%d7%95%d7%93%d7%99%d7%a2%d7%99%d7%9f/,/business/רוט-אנד-בלום-rootbloom-מודיעין/,business,businesses,e67636b2-2e3f-43ec-b913-78880a1e6250,רוט אנד בלום | Root&Bloom מודיעין,/business/רוט-אנד-בלום-rootbloom-מודיעין/,same address
https://www.modiin4u.co.il/business/twosome-burger-%d7%98%d7%95%d7%a1%d7%95%d7%9d-%d7%9e%d7%95%d7%93%d7%99%d7%a2%d7%99%d7%9f/,/business/twosome-burger-טוסום-מודיעין/,business,businesses,940eb0fc-122d-4d6b-9f55-fc7d89a02314,Twosome burger | טוסום מודיעין,/business/twosome-burger-טוסום-מודיעין/,same address
https://www.modiin4u.co.il/business/%d7%9e%d7%99-%d7%9e%d7%94-%d7%9e%d7%95-%d7%9e%d7%95%d7%93%d7%99%d7%a2%d7%99%d7%9f-me-ma-mu/,/business/מי-מה-מו-מודיעין-me-ma-mu/,business,businesses,ec42b5a3-b6eb-4d14-867c-324a03d16fa4,מי מה מו מודיעין | Me Ma Mu,/business/מי-מה-מו-מודיעין-me-ma-mu/,same address
https://www.modiin4u.co.il/business/%d7%a9%d7%90%d7%95%d7%95%d7%a8%d7%9e%d7%94-%d7%94%d7%a8%d7%a6%d7%9c-50-%d7%9e%d7%95%d7%93%d7%99%d7%a2%d7%99%d7%9f/,/business/שאוורמה-הרצל-50-מודיעין/,business,businesses,3f84a1fe-827f-49d8-8326-3d38b56eb953,שאוורמה הרצל 50 מודיעין,/business/שאוורמה-הרצל-50-מודיעין/,same address
https://www.modiin4u.co.il/new/attractions/,/new/attractions/,new,categories,55df5a8c-ded9-43ae-84d8-588990c239d2,אטרקציות וטיולים במודיעין,/new/attractions/,same address
https://www.modiin4u.co.il/new/people/,/new/people/,new,categories,859d5ee1-1c32-4dd6-9585-9db38f1ed68a,אנשים,/new/people/,same address
https://www.modiin4u.co.il/new/modiin-news/,/new/modiin-news/,new,categories,3d5f5b90-4f37-401e-8ac3-4cedc38f9153,חדשות מודיעין,/new/modiin-news/,same address
https://www.modiin4u.co.il/new/real-estate/,/new/real-estate/,new,categories,a7a8607f-354d-46a7-8370-cc76a43776df,"נדל""ן",/new/real-estate/,same address
https://www.modiin4u.co.il/new/sports-and-fitness/,/new/sports-and-fitness/,new,categories,1fa8f269-aa3b-427a-8116-b5d70c7ddf5d,ספורט וכושר,/new/sports-and-fitness/,same address
https://www.modiin4u.co.il/new/city-updates/,/new/city-updates/,new,categories,4e07fcf3-20c1-46fb-a9d4-fb2abd26b0a0,עדכוני עירייה,/new/city-updates/,same address
https://www.modiin4u.co.il/new/municipal/,/new/municipal/,new,categories,491b5b79-56fc-48ce-be45-14112383a0e2,עירייה,/new/municipal/,same address
https://www.modiin4u.co.il/new/business/,/new/business/,new,categories,9fad762a-4fee-43d7-aec7-f03b056d16eb,עסקים,/new/business-news/,redirect to its slug
https://www.modiin4u.co.il/new/culinary/,/new/culinary/,new,categories,fc8189e1-29da-4d1f-9747-e3c3ee270cef,קולינריה,/new/food/,redirect to its slug
https://www.modiin4u.co.il/real-astate-agents/%d7%a0%d7%93%d7%9c%d7%b4%d7%9f-%d7%9e%d7%a1%d7%97%d7%a8%d7%99/,/real-astate-agents/נדל״ן-מסחרי/,real-astate-agents,,,נדל״ן מסחרי,/realestate,no match — redirect to section
https://www.modiin4u.co.il/real-astate-agents/%d7%aa%d7%99%d7%95%d7%95%d7%9a-%d7%a0%d7%93%d7%9c%d7%b4%d7%9f/,/real-astate-agents/תיווך-נדל״ן/,real-astate-agents,,,תיווך נדל״ן,/realestate,no match — redirect to section
https://www.modiin4u.co.il/professionals-cat/%d7%91%d7%95%d7%a0%d7%94-%d7%90%d7%aa%d7%a8%d7%99%d7%9d/,/professionals-cat/בונה-אתרים/,professionals-cat,categories,7d95428f-2ed7-4a19-b14c-9a54efb40986,בונה אתרים,/business-cat/web-design/,redirect to its slug
https://www.modiin4u.co.il/professionals-cat/%d7%94%d7%a0%d7%93%d7%99%d7%9e%d7%9f/,/professionals-cat/הנדימן/,professionals-cat,categories,baa36a5d-057f-4cd1-aae5-4a94757c4074,הנדימן,/business-cat/handyman/,redirect to its slug
https://www.modiin4u.co.il/professionals-cat/%d7%97%d7%a9%d7%9e%d7%9c%d7%90%d7%99/,/professionals-cat/חשמלאי/,professionals-cat,categories,40d82db8-afc6-4305-8d64-edb29f2260eb,חשמלאי,/business-cat/electrician/,redirect to its slug
https://www.modiin4u.co.il/professionals-cat/%d7%98%d7%9b%d7%a0%d7%90%d7%99-%d7%9e%d7%a7%d7%a8%d7%a8%d7%99%d7%9d/,/professionals-cat/טכנאי-מקררים/,professionals-cat,categories,5e4bda99-c7ca-4719-b44a-9cd6efd4290e,טכנאי מקררים,/business-cat/fridge-technician/,redirect to its slug
https://www.modiin4u.co.il/professionals-cat/%d7%9c%d7%a7-%d7%92%d7%b3%d7%9c/,/professionals-cat/לק-ג׳ל/,professionals-cat,categories,4af0a938-1dc5-48e8-b8fb-22866e7e6ff2,לק ג׳ל,/business-cat/gel-nails/,redirect to its slug
https://www.modiin4u.co.il/professionals-cat/%d7%a2%d7%95%d7%a8%d7%9a-%d7%93%d7%99%d7%9f/,/professionals-cat/עורך-דין/,professionals-cat,categories,4964ce92-4de2-4227-bac6-22f72e1c56ae,עורך דין,/business-cat/lawyer/,redirect to its slug
https://www.modiin4u.co.il/professionals-cat/%d7%a9%d7%99%d7%a4%d7%95%d7%a6%d7%a0%d7%99%d7%a7/,/professionals-cat/שיפוצניק/,professionals-cat,categories,883801c1-9eaf-440e-9537-4312882b39ba,שיפוצניק,/business-cat/renovations/,redirect to its slug
https://www.modiin4u.co.il/business-cat/%d7%90%d7%95%d7%9b%d7%9c-%d7%91%d7%99%d7%aa%d7%99/,/business-cat/אוכל-ביתי/,business-cat,categories,daa601d6-c073-444a-a754-56bc03aca037,אוכל ביתי במודיעין,/business-cat/restaurants/,nearest category by hand (מסעדות)
https://www.modiin4u.co.il/business-cat/%d7%90%d7%95%d7%9c%d7%9e%d7%95%d7%aa-%d7%90%d7%99%d7%a8%d7%95%d7%a2%d7%99%d7%9d/,/business-cat/אולמות-אירועים/,business-cat,categories,c4a0a4f1-8129-42f7-b432-0aa2a1768e7c,אולמות אירועים,/business-cat/entertainment/,nearest category by hand (בידור ופנאי)
https://www.modiin4u.co.il/business-cat/%d7%90%d7%95%d7%a4%d7%98%d7%99%d7%a7%d7%94/,/business-cat/אופטיקה/,business-cat,categories,0b75ac50-1603-4739-8859-914ad15c540c,אופטיקה,/business-cat/health/,nearest category by hand (בריאות)
https://www.modiin4u.co.il/business-cat/%d7%90%d7%98%d7%a8%d7%a7%d7%a6%d7%99%d7%95%d7%aa/,/business-cat/אטרקציות/,business-cat,categories,c4a0a4f1-8129-42f7-b432-0aa2a1768e7c,אטרקציות במודיעין,/business-cat/entertainment/,nearest category by hand (בידור ופנאי)
https://www.modiin4u.co.il/business-cat/%d7%90%d7%99%d7%98%d7%9c%d7%a7%d7%99/,/business-cat/איטלקי/,business-cat,categories,daa601d6-c073-444a-a754-56bc03aca037,איטלקי,/business-cat/restaurants/,nearest category by hand (מסעדות)
https://www.modiin4u.co.il/business-cat/%d7%90%d7%99%d7%a8%d7%95%d7%a2%d7%99%d7%9d-%d7%91%d7%9e%d7%95%d7%93%d7%99%d7%a2%d7%99%d7%9f/,/business-cat/אירועים-במודיעין/,business-cat,categories,c4a0a4f1-8129-42f7-b432-0aa2a1768e7c,אירועים במודיעין,/business-cat/entertainment/,nearest category by hand (בידור ופנאי)
https://www.modiin4u.co.il/business-cat/%d7%90%d7%a1%d7%99%d7%90%d7%aa%d7%99/,/business-cat/אסיאתי/,business-cat,categories,69259596-7822-4644-9ba0-44e370efd1de,אסיאתי,/business-cat/asian/,nearest category by hand (אסייתי)
https://www.modiin4u.co.il/business-cat/%d7%90%d7%a1%d7%aa%d7%98%d7%99%d7%a7%d7%94-%d7%98%d7%99%d7%a4%d7%95%d7%97/,/business-cat/אסתטיקה-טיפוח/,business-cat,categories,082cd787-c53c-4847-ad4a-0b09e63085b0,אסתטיקה טיפוח,/business-cat/beauty/,nearest category by hand (יופי וטיפוח)
https://www.modiin4u.co.il/business-cat/breakfast-in-modiin/,/business-cat/breakfast-in-modiin/,business-cat,categories,d0f5bb94-871d-4042-8960-9988d2e09d32,ארוחת בוקר במודיעין,/business-cat/cafe-bakery/,nearest category by hand (קפה ומאפה)
https://www.modiin4u.co.il/business-cat/%d7%91%d7%99%d7%92%d7%95%d7%93/,/business-cat/ביגוד/,business-cat,categories,f034a7d4-bb96-4af0-806b-c4429d03667a,ביגוד,/business-cat/shopping/,nearest category by hand (קניות)
https://www.modiin4u.co.il/business-cat/%d7%91%d7%a0%d7%a7%d7%99%d7%9d-%d7%91%d7%9e%d7%95%d7%93%d7%99%d7%a2%d7%99%d7%9f/,/business-cat/בנקים-במודיעין/,business-cat,categories,c4c08c1b-8ef2-4833-8c67-0c5769e4dfb8,בנקים במודיעין,/business-cat/services/,nearest category by hand (שירותים)
https://www.modiin4u.co.il/business-cat/%d7%91%d7%a8%d7%99%d7%90%d7%95%d7%aa/,/business-cat/בריאות/,business-cat,categories,0b75ac50-1603-4739-8859-914ad15c540c,בריאות,/business-cat/health/,redirect to its slug
https://www.modiin4u.co.il/business-cat/%d7%91%d7%a8%d7%99%d7%9d/,/business-cat/ברים/,business-cat,categories,c4a0a4f1-8129-42f7-b432-0aa2a1768e7c,ברים במודיעין,/business-cat/entertainment/,nearest category by hand (בידור ופנאי)
https://www.modiin4u.co.il/business-cat/modiin-coffee/,/business-cat/modiin-coffee/,business-cat,categories,d0f5bb94-871d-4042-8960-9988d2e09d32,בתי קפה במודיעין,/business-cat/cafe-bakery/,nearest category by hand (קפה ומאפה)
https://www.modiin4u.co.il/business-cat/%d7%92%d7%9c%d7%99%d7%93%d7%95%d7%aa/,/business-cat/גלידות/,business-cat,categories,d0f5bb94-871d-4042-8960-9988d2e09d32,גלידות,/business-cat/cafe-bakery/,nearest category by hand (קפה ומאפה)
https://www.modiin4u.co.il/business-cat/%d7%92%d7%a0%d7%99-%d7%99%d7%9c%d7%93%d7%99%d7%9d-%d7%91%d7%9e%d7%95%d7%93%d7%99%d7%a2%d7%99%d7%9f/,/business-cat/גני-ילדים-במודיעין/,business-cat,categories,e1817bf7-a9a1-4367-b8c9-f99ca7007f31,גני ילדים במודיעין,/business-cat/education/,nearest category by hand (חינוך)
https://www.modiin4u.co.il/business-cat/%d7%92%d7%a8%d7%99%d7%9c/,/business-cat/גריל/,business-cat,categories,647c61f1-3f13-477f-b155-f6b004c3da74,גריל,/business-cat/meat/,nearest category by hand (בשרים)
https://www.modiin4u.co.il/business-cat/%d7%94%d7%9e%d7%91%d7%95%d7%a8%d7%92%d7%a8/,/business-cat/המבורגר/,business-cat,categories,647c61f1-3f13-477f-b155-f6b004c3da74,המבורגר,/business-cat/meat/,nearest category by hand (בשרים)
https://www.modiin4u.co.il/business-cat/%d7%95%d7%98%d7%a8%d7%99%d7%a0%d7%a8/,/business-cat/וטרינר/,business-cat,categories,c4c08c1b-8ef2-4833-8c67-0c5769e4dfb8,וטרינר,/business-cat/services/,nearest category by hand (שירותים)
https://www.modiin4u.co.il/business-cat/transportation-company-in-modiin/,/business-cat/transportation-company-in-modiin/,business-cat,categories,c4c08c1b-8ef2-4833-8c67-0c5769e4dfb8,חברת הסעות במודיעין,/business-cat/services/,nearest category by hand (שירותים)
https://www.modiin4u.co.il/business-cat/%d7%97%d7%95%d7%9e%d7%a8%d7%99-%d7%91%d7%a0%d7%99%d7%99%d7%9f-%d7%91%d7%9e%d7%95%d7%93%d7%99%d7%a2%d7%99%d7%9f/,/business-cat/חומרי-בניין-במודיעין/,business-cat,categories,883801c1-9eaf-440e-9537-4312882b39ba,חומרי בניין במודיעין,/business-cat/renovations/,nearest category by hand (שיפוצניק)
https://www.modiin4u.co.il/business-cat/party-supply-stores-modiin/,/business-cat/party-supply-stores-modiin/,business-cat,categories,f034a7d4-bb96-4af0-806b-c4429d03667a,חנויות חד פעמי במודיעין,/business-cat/shopping/,nearest category by hand (קניות)
https://www.modiin4u.co.il/business-cat/%d7%97%d7%a0%d7%95%d7%aa-%d7%91%d7%92%d7%93%d7%99%d7%9d-%d7%91%d7%9e%d7%95%d7%93%d7%99%d7%a2%d7%99%d7%9f/,/business-cat/חנות-בגדים-במודיעין/,business-cat,categories,f034a7d4-bb96-4af0-806b-c4429d03667a,חנות בגדים במודיעין,/business-cat/shopping/,nearest category by hand (קניות)
https://www.modiin4u.co.il/business-cat/%d7%97%d7%a0%d7%95%d7%aa-%d7%93%d7%92%d7%99%d7%9d/,/business-cat/חנות-דגים/,business-cat,categories,f034a7d4-bb96-4af0-806b-c4429d03667a,חנות דגים,/business-cat/shopping/,nearest category by hand (קניות)
https://www.modiin4u.co.il/business-cat/%d7%97%d7%a0%d7%95%d7%aa-%d7%99%d7%99%d7%9f-%d7%95%d7%90%d7%9c%d7%9b%d7%94%d7%95%d7%9c/,/business-cat/חנות-יין-ואלכהול/,business-cat,categories,f034a7d4-bb96-4af0-806b-c4429d03667a,חנות יין ואלכהול,/business-cat/shopping/,nearest category by hand (קניות)
https://www.modiin4u.co.il/business-cat/%d7%97%d7%a0%d7%95%d7%aa-%d7%a0%d7%95%d7%97%d7%95%d7%aa/,/business-cat/חנות-נוחות/,business-cat,categories,f034a7d4-bb96-4af0-806b-c4429d03667a,חנות נוחות,/business-cat/shopping/,nearest category by hand (קניות)
https://www.modiin4u.co.il/business-cat/%d7%97%d7%a0%d7%95%d7%aa-%d7%a1%d7%a4%d7%a8%d7%99%d7%9d-%d7%91%d7%9e%d7%95%d7%93%d7%99%d7%a2%d7%99%d7%9f/,/business-cat/חנות-ספרים-במודיעין/,business-cat,categories,f034a7d4-bb96-4af0-806b-c4429d03667a,חנות ספרים במודיעין,/business-cat/shopping/,nearest category by hand (קניות)
https://www.modiin4u.co.il/business-cat/flowers-stores-modiin/,/business-cat/flowers-stores-modiin/,business-cat,categories,f034a7d4-bb96-4af0-806b-c4429d03667a,חנות פרחים במודיעין,/business-cat/shopping/,nearest category by hand (קניות)
https://www.modiin4u.co.il/business-cat/%d7%97%d7%a0%d7%95%d7%aa-%d7%aa%d7%91%d7%9c%d7%99%d7%a0%d7%99%d7%9d-%d7%91%d7%9e%d7%95%d7%93%d7%99%d7%a2%d7%99%d7%9f/,/business-cat/חנות-תבלינים-במודיעין/,business-cat,categories,f034a7d4-bb96-4af0-806b-c4429d03667a,חנות תבלינים במודיעין,/business-cat/shopping/,nearest category by hand (קניות)
https://www.modiin4u.co.il/business-cat/passover-kosher-modiin/,/business-cat/passover-kosher-modiin/,business-cat,categories,daa601d6-c073-444a-a754-56bc03aca037,כשר לפסח במודיעין,/business-cat/restaurants/,nearest category by hand (מסעדות)
https://www.modiin4u.co.il/business-cat/%d7%9c%d7%99%d7%9e%d7%95%d7%93%d7%99%d7%9d/,/business-cat/לימודים/,business-cat,categories,e1817bf7-a9a1-4367-b8c9-f99ca7007f31,לימודים,/business-cat/education/,nearest category by hand (חינוך)
https://www.modiin4u.co.il/business-cat/bakery/,/business-cat/bakery/,business-cat,categories,d0f5bb94-871d-4042-8960-9988d2e09d32,מאפייה,/business-cat/cafe-bakery/,nearest category by hand (קפה ומאפה)
https://www.modiin4u.co.il/business-cat/%d7%9e%d7%9b%d7%91%d7%a1%d7%94/,/business-cat/מכבסה/,business-cat,categories,c4c08c1b-8ef2-4833-8c67-0c5769e4dfb8,מכבסה,/business-cat/services/,nearest category by hand (שירותים)
https://www.modiin4u.co.il/business-cat/italian-rest-modiin/,/business-cat/italian-rest-modiin/,business-cat,categories,daa601d6-c073-444a-a754-56bc03aca037,מסעדה איטלקית במודיעין,/business-cat/restaurants/,nearest category by hand (מסעדות)
https://www.modiin4u.co.il/business-cat/%d7%9e%d7%a1%d7%a2%d7%93%d7%95%d7%aa-%d7%91%d7%9e%d7%95%d7%93%d7%99%d7%a2%d7%99%d7%9f/,/business-cat/מסעדות-במודיעין/,business-cat,categories,daa601d6-c073-444a-a754-56bc03aca037,מסעדות במודיעין,/business-cat/restaurants/,nearest category by hand (מסעדות)
https://www.modiin4u.co.il/business-cat/meat-kosher-rest/,/business-cat/meat-kosher-rest/,business-cat,categories,647c61f1-3f13-477f-b155-f6b004c3da74,מסעדות בשריות כשרות במודיעין,/business-cat/meat/,nearest category by hand (בשרים)
https://www.modiin4u.co.il/business-cat/dairy-kosher-rest/,/business-cat/dairy-kosher-rest/,business-cat,categories,daa601d6-c073-444a-a754-56bc03aca037,מסעדות חלביות כשרות במודיעין,/business-cat/restaurants/,nearest category by hand (מסעדות)
https://www.modiin4u.co.il/business-cat/kosher-rest-modiin/,/business-cat/kosher-rest-modiin/,business-cat,categories,daa601d6-c073-444a-a754-56bc03aca037,מסעדות כשרות המודיעין,/business-cat/restaurants/,nearest category by hand (מסעדות)
https://www.modiin4u.co.il/business-cat/%d7%9e%d7%a1%d7%a4%d7%a8%d7%94-%d7%91%d7%9e%d7%95%d7%93%d7%99%d7%a2%d7%99%d7%9f/,/business-cat/מספרה-במודיעין/,business-cat,categories,082cd787-c53c-4847-ad4a-0b09e63085b0,מספרה במודיעין,/business-cat/beauty/,nearest category by hand (יופי וטיפוח)
https://www.modiin4u.co.il/business-cat/%d7%9e%d7%a2%d7%93%d7%a0%d7%99%d7%99%d7%94/,/business-cat/מעדנייה/,business-cat,categories,f034a7d4-bb96-4af0-806b-c4429d03667a,מעדנייה,/business-cat/shopping/,nearest category by hand (קניות)
https://www.modiin4u.co.il/business-cat/commercial-centers/,/business-cat/commercial-centers/,business-cat,categories,f034a7d4-bb96-4af0-806b-c4429d03667a,מרכזים מסחריים,/business-cat/shopping/,nearest category by hand (קניות)
https://www.modiin4u.co.il/business-cat/%d7%a1%d7%95%d7%9b%d7%a0%d7%95%d7%aa-%d7%a0%d7%a1%d7%99%d7%a2%d7%95%d7%aa/,/business-cat/סוכנות-נסיעות/,business-cat,categories,c4c08c1b-8ef2-4833-8c67-0c5769e4dfb8,סוכנות נסיעות,/business-cat/services/,nearest category by hand (שירותים)
https://www.modiin4u.co.il/business-cat/%d7%a1%d7%95%d7%a4%d7%a8%d7%99%d7%9d-%d7%91%d7%9e%d7%95%d7%93%d7%99%d7%a2%d7%99%d7%9f/,/business-cat/סופרים-במודיעין/,business-cat,categories,f034a7d4-bb96-4af0-806b-c4429d03667a,סופרים במודיעין,/business-cat/shopping/,nearest category by hand (קניות)
https://www.modiin4u.co.il/business-cat/sushi/,/business-cat/sushi/,business-cat,categories,69259596-7822-4644-9ba0-44e370efd1de,סושי,/business-cat/asian/,nearest category by hand (אסייתי)
https://www.modiin4u.co.il/business-cat/%d7%a1%d7%9c%d7%95%d7%9c%d7%a8/,/business-cat/סלולר/,business-cat,categories,f034a7d4-bb96-4af0-806b-c4429d03667a,סלולר,/business-cat/shopping/,nearest category by hand (קניות)
https://www.modiin4u.co.il/business-cat/%d7%a1%d7%a4%d7%95%d7%a8%d7%98-%d7%95%d7%9b%d7%95%d7%a9%d7%a8/,/business-cat/ספורט-וכושר/,business-cat,categories,7b6de431-436e-488d-8e38-6559b2662ed9,ספורט וכושר,/business-cat/sports-fitness/,redirect to its slug
https://www.modiin4u.co.il/business-cat/%d7%a2%d7%92%d7%9c%d7%aa-%d7%a7%d7%a4%d7%94/,/business-cat/עגלת-קפה/,business-cat,categories,d0f5bb94-871d-4042-8960-9988d2e09d32,עגלות קפה במודיעין,/business-cat/cafe-bakery/,nearest category by hand (קפה ומאפה)
https://www.modiin4u.co.il/business-cat/%d7%a2%d7%99%d7%a6%d7%95%d7%91-%d7%94%d7%91%d7%99%d7%aa/,/business-cat/עיצוב-הבית/,business-cat,categories,f034a7d4-bb96-4af0-806b-c4429d03667a,עיצוב הבית,/business-cat/shopping/,nearest category by hand (קניות)
https://www.modiin4u.co.il/business-cat/%d7%a2%d7%99%d7%a6%d7%95%d7%91-%d7%a4%d7%a0%d7%99%d7%9d-%d7%91%d7%9e%d7%95%d7%93%d7%99%d7%a2%d7%99%d7%9f/,/business-cat/עיצוב-פנים-במודיעין/,business-cat,categories,883801c1-9eaf-440e-9537-4312882b39ba,עיצוב פנים במודיעין,/business-cat/renovations/,nearest category by hand (שיפוצניק)
https://www.modiin4u.co.il/business-cat/site-bussines-modiin/,/business-cat/site-bussines-modiin/,business-cat,,,עסקים באתר,/businesses,no match — redirect to section
https://www.modiin4u.co.il/business-cat/open-lion-war-modiin/,/business-cat/open-lion-war-modiin/,business-cat,,,עסקים פתוחים במלחמת ״עם כלביא״ במודיעין,/businesses,no match — redirect to section
https://www.modiin4u.co.il/business-cat/lion-war/,/business-cat/lion-war/,business-cat,,,עסקים פתוחים למשלוחים ואיסוף עצמי במודיעין: מלחמת ״שאגת הארי״,/businesses,no match — redirect to section
https://www.modiin4u.co.il/business-cat/%d7%a4%d7%99%d7%a6%d7%a8%d7%99%d7%95%d7%aa-%d7%91%d7%9e%d7%95%d7%93%d7%99%d7%a2%d7%99%d7%9f/,/business-cat/פיצריות-במודיעין/,business-cat,categories,06c74335-f652-4255-9c22-a6e5a3e9616f,פיצריות במודיעין,/business-cat/pizza/,nearest category by hand (פיצה)
https://www.modiin4u.co.il/business-cat/%d7%a4%d7%99%d7%a8%d7%95%d7%aa-%d7%95%d7%99%d7%a8%d7%a7%d7%95%d7%aa/,/business-cat/פירות-וירקות/,business-cat,categories,f034a7d4-bb96-4af0-806b-c4429d03667a,פירות וירקות,/business-cat/shopping/,nearest category by hand (קניות)
https://www.modiin4u.co.il/business-cat/%d7%a4%d7%9c%d7%90%d7%a4%d7%9c-%d7%91%d7%9e%d7%95%d7%93%d7%99%d7%a2%d7%99%d7%9f/,/business-cat/פלאפל-במודיעין/,business-cat,categories,322ffe48-2c93-41f1-b576-4d4ce9f3a6f9,פלאפל במודיעין,/business-cat/mediterranean/,nearest category by hand (ים תיכוני)
https://www.modiin4u.co.il/business-cat/%d7%a4%d7%a0%d7%a6%d7%b3%d7%a8%d7%99%d7%94/,/business-cat/פנצ׳ריה/,business-cat,categories,05ef7f90-3dce-456f-a8a4-b5d27694da47,פנצ׳ריה,/business-cat/automotive/,nearest category by hand (רכב)
https://www.modiin4u.co.il/business-cat/open-on-saturday/,/business-cat/open-on-saturday/,business-cat,,,פתוח בשבת במודיעין,/businesses,no match — redirect to section
https://www.modiin4u.co.il/business-cat/%d7%a6%d7%b3%d7%99%d7%99%d7%a0%d7%92%d7%b3-%d7%9e%d7%95%d7%93%d7%99%d7%a2%d7%99%d7%9f/,/business-cat/צ׳יינג׳-מודיעין/,business-cat,categories,c4c08c1b-8ef2-4833-8c67-0c5769e4dfb8,צ׳יינג׳ מודיעין,/business-cat/services/,nearest category by hand (שירותים)
https://www.modiin4u.co.il/business-cat/%d7%a7%d7%95%d7%a4%d7%95%d7%aa-%d7%97%d7%95%d7%9c%d7%99%d7%9d-%d7%91%d7%9e%d7%95%d7%93%d7%99%d7%a2%d7%99%d7%9f/,/business-cat/קופות-חולים-במודיעין/,business-cat,categories,0b75ac50-1603-4739-8859-914ad15c540c,קופות חולים במודיעין,/business-cat/health/,nearest category by hand (בריאות)
https://www.modiin4u.co.il/business-cat/%d7%a7%d7%a6%d7%91%d7%99%d7%99%d7%94-%d7%91%d7%9e%d7%95%d7%93%d7%99%d7%a2%d7%99%d7%9f/,/business-cat/קצבייה-במודיעין/,business-cat,categories,f034a7d4-bb96-4af0-806b-c4429d03667a,קצבייה במודיעין,/business-cat/shopping/,nearest category by hand (קניות)
https://www.modiin4u.co.il/business-cat/%d7%a7%d7%a8%d7%99%d7%95%d7%a7%d7%99/,/business-cat/קריוקי/,business-cat,categories,c4a0a4f1-8129-42f7-b432-0aa2a1768e7c,קריוקי,/business-cat/entertainment/,nearest category by hand (בידור ופנאי)
https://www.modiin4u.co.il/business-cat/%d7%a8%d7%9b%d7%91/,/business-cat/רכב/,business-cat,categories,05ef7f90-3dce-456f-a8a4-b5d27694da47,רכב,/business-cat/automotive/,redirect to its slug
https://www.modiin4u.co.il/business-cat/gaz-staion-modiin/,/business-cat/gaz-staion-modiin/,business-cat,categories,05ef7f90-3dce-456f-a8a4-b5d27694da47,תחנות דלק במודיעין,/business-cat/automotive/,nearest category by hand (רכב)
